GameName,Category,FullPath
1942 - Joint Strike (XBLA),XBLA,G:\___ XBLA Games ___\1942 - Joint Strike (XBLA)
Amy (XBLA),XBLA,G:\___ XBLA Games ___\Amy (XBLA)
Ancients of Ooga (XBLA),XBLA,G:\___ XBLA Games ___\Ancients of Ooga (XBLA)
Assassins Creed - Liberation HD (XBLA),XBLA,G:\___ XBLA Games ___\Assassins Creed - Liberation HD (XBLA)
Assault Heroes (XBLA),XBLA,G:\___ XBLA Games ___\Assault Heroes (XBLA)
Bastion (XBLA),XBLA,G:\___ XBLA Games ___\Bastion (XBLA)
Battlefield 1943 (XBLA),XBLA,G:\___ XBLA Games ___\Battlefield 1943 (XBLA)
Bloodforge (XBLA),XBLA,G:\___ XBLA Games ___\Bloodforge (XBLA)
Bomberman Live (XBLA),XBLA,G:\___ XBLA Games ___\Bomberman Live (XBLA)
Bridge The (XBLA),XBLA,G:\___ XBLA Games ___\Bridge The (XBLA)
Brothers - A Tale of Two Sons (XBLA),XBLA,G:\___ XBLA Games ___\Brothers - A Tale of Two Sons (XBLA)
Call of Duty - Classic (XBLA),XBLA,G:\___ XBLA Games ___\Call of Duty - Classic (XBLA)
Castle of Illusion Starring Mickey Mouse (XBLA),XBLA,G:\___ XBLA Games ___\Castle of Illusion Starring Mickey Mouse (XBLA)
Child of Light (XBLA),XBLA,G:\___ XBLA Games ___\Child of Light (XBLA)
Cobalt (XBLA),XBLA,G:\___ XBLA Games ___\Cobalt (XBLA)
Comix Zone (XBLA),XBLA,G:\___ XBLA Games ___\Comix Zone (XBLA)
Constant C (XBLA),XBLA,G:\___ XBLA Games ___\Constant C (XBLA)
Contra (XBLA),XBLA,G:\___ XBLA Games ___\Contra (XBLA)
Contrast (XBLA),XBLA,G:\___ XBLA Games ___\Contrast (XBLA)
Crazy Machines Elements (XBLA),XBLA,G:\___ XBLA Games ___\Crazy Machines Elements (XBLA)
Crazy Taxi (XBLA),XBLA,G:\___ XBLA Games ___\Crazy Taxi (XBLA)
Dead Rising 2 - Case Zero (XBLA),XBLA,G:\___ XBLA Games ___\Dead Rising 2 - Case Zero (XBLA)
Deadlight (XBLA),XBLA,G:\___ XBLA Games ___\Deadlight (XBLA)
Dishwasher The - Dead Samurai (XBLA),XBLA,G:\___ XBLA Games ___\Dishwasher The - Dead Samurai (XBLA)
Dishwasher The - Vampire Smile (XBLA),XBLA,G:\___ XBLA Games ___\Dishwasher The - Vampire Smile (XBLA)
Doom II - Hell on Earth (XBLA),XBLA,G:\___ XBLA Games ___\Doom II - Hell on Earth (XBLA)
DuckTales - Remastered (XBLA),XBLA,G:\___ XBLA Games ___\DuckTales - Remastered (XBLA)
Duke Nukem - Manhattan Project (XBLA),XBLA,G:\___ XBLA Games ___\Duke Nukem - Manhattan Project (XBLA)
Duke Nukem 3D (XBLA),XBLA,G:\___ XBLA Games ___\Duke Nukem 3D (XBLA)
Earthworm Jim HD (XBLA),XBLA,G:\___ XBLA Games ___\Earthworm Jim HD (XBLA)
Far Cry Classic (XBLA),XBLA,G:\___ XBLA Games ___\Far Cry Classic (XBLA)
Flashback (XBLA),XBLA,G:\___ XBLA Games ___\Flashback (XBLA)
Fruit Ninja Kinect (XBLA),XBLA,G:\___ XBLA Games ___\Fruit Ninja Kinect (XBLA)
Game Of Thrones Episode 1-5 (XBLA),XBLA,G:\___ XBLA Games ___\Game Of Thrones Episode 1-5 (XBLA)
Garou - Mark of the Wolves (XBLA),XBLA,G:\___ XBLA Games ___\Garou - Mark of the Wolves (XBLA)
Geometry Wars - Retro Evolved 2 (XBLA),XBLA,G:\___ XBLA Games ___\Geometry Wars - Retro Evolved 2 (XBLA)
Giana Sisters - Twisted Dreams (XBLA),XBLA,G:\___ XBLA Games ___\Giana Sisters - Twisted Dreams (XBLA)
Girl Fight (XBLA),XBLA,G:\___ XBLA Games ___\Girl Fight (XBLA)
Goat Simulator - Mmore Goatz Edition (XBLA),XBLA,G:\___ XBLA Games ___\Goat Simulator - Mmore Goatz Edition (XBLA)
Greed Corp (XBLA),XBLA,G:\___ XBLA Games ___\Greed Corp (XBLA)
Guacamelee - Super Turbo Championship Edition (XBLA),XBLA,G:\___ XBLA Games ___\Guacamelee - Super Turbo Championship Edition (XBLA)
Halo - Spartan Assault (XBLA),XBLA,G:\___ XBLA Games ___\Halo - Spartan Assault (XBLA)
Hardwood Backgammon (XBLA),XBLA,G:\___ XBLA Games ___\Hardwood Backgammon (XBLA)
How to Survive (XBLA),XBLA,G:\___ XBLA Games ___\How to Survive (XBLA)
I Am Alive (XBLA),XBLA,G:\___ XBLA Games ___\I Am Alive (XBLA)
Ikaruga (XBLA),XBLA,G:\___ XBLA Games ___\Ikaruga (XBLA)
Kinect Sports Gems - Ping Pong (XBLA),XBLA,G:\___ XBLA Games ___\Kinect Sports Gems - Ping Pong (XBLA)
Kinect Sports Gems - Reaction Rally (XBLA),XBLA,G:\___ XBLA Games ___\Kinect Sports Gems - Reaction Rally (XBLA)
Lets Sing And Dance (XBLA),XBLA,G:\___ XBLA Games ___\Lets Sing And Dance (XBLA)
Life is Strange - Episode 1 - Chrysalis (XBLA),XBLA,G:\___ XBLA Games ___\Life is Strange - Episode 1 - Chrysalis (XBLA)
Lode Runner (XBLA),XBLA,G:\___ XBLA Games ___\Lode Runner (XBLA)
Mars - War Logs (XBLA),XBLA,G:\___ XBLA Games ___\Mars - War Logs (XBLA)
Max - The Curse of Brotherhood (XBLA),XBLA,G:\___ XBLA Games ___\Max - The Curse of Brotherhood (XBLA)
Misadventures of PB Winterbottom The (XBLA),XBLA,G:\___ XBLA Games ___\Misadventures of PB Winterbottom The (XBLA)
Monaco - Whats Yours is Mine (XBLA),XBLA,G:\___ XBLA Games ___\Monaco - Whats Yours is Mine (XBLA)
Monkey Island 2 - LeChucks Revenge - Special Edition (XBLA),XBLA,G:\___ XBLA Games ___\Monkey Island 2 - LeChucks Revenge - Special Edition (XBLA)
Monopoly Deal (XBLA),XBLA,G:\___ XBLA Games ___\Monopoly Deal (XBLA)
Monopoly Plus (XBLA),XBLA,G:\___ XBLA Games ___\Monopoly Plus (XBLA)
Ms. Pac-Man (XBLA),XBLA,G:\___ XBLA Games ___\Ms. Pac-Man (XBLA)
Orcs Must Die (XBLA),XBLA,G:\___ XBLA Games ___\Orcs Must Die (XBLA)
Pac-Man - Championship Edition (XBLA),XBLA,G:\___ XBLA Games ___\Pac-Man - Championship Edition (XBLA)
Pac-Man - Championship Edition DX (XBLA),XBLA,G:\___ XBLA Games ___\Pac-Man - Championship Edition DX (XBLA)
Pac-Man Museum (XBLA),XBLA,G:\___ XBLA Games ___\Pac-Man Museum (XBLA)
Pinball FX (XBLA),XBLA,G:\___ XBLA Games ___\Pinball FX (XBLA)
Prince of Persia Classic (XBLA),XBLA,G:\___ XBLA Games ___\Prince of Persia Classic (XBLA)
Putty Squad (XBLA),XBLA,G:\___ XBLA Games ___\Putty Squad (XBLA)
R.I.P.D. - The Game (XBLA),XBLA,G:\___ XBLA Games ___\R.I.P.D. - The Game (XBLA)
Raven The - Legacy of a Master Thief - Episode 1 - Eye of the Sphinx (XBLA),XBLA,G:\___ XBLA Games ___\Raven The - Legacy of a Master Thief - Episode 1 - Eye of the Sphinx (XBLA)
Resident Evil - Revelations 2 - Episode 1 - Penal Colony (XBLA),XBLA,G:\___ XBLA Games ___\Resident Evil - Revelations 2 - Episode 1 - Penal Colony (XBLA)
Sanctum 2 (XBLA),XBLA,G:\___ XBLA Games ___\Sanctum 2 (XBLA)
Sega Rally Online Arcade (XBLA),XBLA,G:\___ XBLA Games ___\Sega Rally Online Arcade (XBLA)
Sega Vintage Collection - Golden Axe (XBLA),XBLA,G:\___ XBLA Games ___\Sega Vintage Collection - Golden Axe (XBLA)
Sega Vintage Collection - Streets of Rage (XBLA),XBLA,G:\___ XBLA Games ___\Sega Vintage Collection - Streets of Rage (XBLA)
Serious Sam 3 - BFE (XBLA),XBLA,G:\___ XBLA Games ___\Serious Sam 3 - BFE (XBLA)
Shank (XBLA),XBLA,G:\___ XBLA Games ___\Shank (XBLA)
Shank 2 (XBLA),XBLA,G:\___ XBLA Games ___\Shank 2 (XBLA)
Shrek n Roll (XBLA),XBLA,G:\___ XBLA Games ___\Shrek n Roll (XBLA)
Simpsons Arcade Game The (XBLA),XBLA,G:\___ XBLA Games ___\Simpsons Arcade Game The (XBLA)
Sine Mora (XBLA),XBLA,G:\___ XBLA Games ___\Sine Mora (XBLA)
Slender - The Arrival (XBLA),XBLA,G:\___ XBLA Games ___\Slender - The Arrival (XBLA)
Small Arms (XBLA),XBLA,G:\___ XBLA Games ___\Small Arms (XBLA)
Snoopy Flying Ace (XBLA),XBLA,G:\___ XBLA Games ___\Snoopy Flying Ace (XBLA)
Sonic Adventure (XBLA),XBLA,G:\___ XBLA Games ___\Sonic Adventure (XBLA)
Sonic Adventure 2 (XBLA),XBLA,G:\___ XBLA Games ___\Sonic Adventure 2 (XBLA)
Sonic and Knuckles (XBLA),XBLA,G:\___ XBLA Games ___\Sonic and Knuckles (XBLA)
Sonic CD (XBLA),XBLA,G:\___ XBLA Games ___\Sonic CD (XBLA)
Sonic the Fighters (XBLA),XBLA,G:\___ XBLA Games ___\Sonic the Fighters (XBLA)
Sonic The Hedgehog (XBLA),XBLA,G:\___ XBLA Games ___\Sonic The Hedgehog (XBLA)
Sonic The Hedgehog 2 (XBLA),XBLA,G:\___ XBLA Games ___\Sonic The Hedgehog 2 (XBLA)
Sonic The Hedgehog 3 (XBLA),XBLA,G:\___ XBLA Games ___\Sonic The Hedgehog 3 (XBLA)
Sonic The Hedgehog 4 - Episode 1 (XBLA),XBLA,G:\___ XBLA Games ___\Sonic The Hedgehog 4 - Episode 1 (XBLA)
Sonic The Hedgehog 4 - Episode 2 (XBLA),XBLA,G:\___ XBLA Games ___\Sonic The Hedgehog 4 - Episode 2 (XBLA)
Spyglass Board Games (XBLA),XBLA,G:\___ XBLA Games ___\Spyglass Board Games (XBLA)
State of Decay (XBLA),XBLA,G:\___ XBLA Games ___\State of Decay (XBLA)
Street Fighter III - Third Strike - Online Edition (XBLA),XBLA,G:\___ XBLA Games ___\Street Fighter III - Third Strike - Online Edition (XBLA)
Streets of Rage 2 (XBLA),XBLA,G:\___ XBLA Games ___\Streets of Rage 2 (XBLA)
Super Contra (XBLA),XBLA,G:\___ XBLA Games ___\Super Contra (XBLA)
Super Meat Boy (XBLA),XBLA,G:\___ XBLA Games ___\Super Meat Boy (XBLA)
Teenage Mutant Ninja Turtles - 1989 Classic Arcade (XBLA),XBLA,G:\___ XBLA Games ___\Teenage Mutant Ninja Turtles - 1989 Classic Arcade (XBLA)
Teenage Mutant Ninja Turtles - Out of the Shadows (XBLA),XBLA,G:\___ XBLA Games ___\Teenage Mutant Ninja Turtles - Out of the Shadows (XBLA)
Teenage Mutant Ninja Turtles - Training Lair (XBLA),XBLA,G:\___ XBLA Games ___\Teenage Mutant Ninja Turtles - Training Lair (XBLA)
Teenage Mutant Ninja Turtles - Turtles in Time Re-Shelled (XBLA),XBLA,G:\___ XBLA Games ___\Teenage Mutant Ninja Turtles - Turtles in Time Re-Shelled (XBLA)
The Wolf Among Us E1 (XBLA),XBLA,G:\___ XBLA Games ___\The Wolf Among Us E1 (XBLA)
The Wolf Among Us E2 (XBLA),XBLA,G:\___ XBLA Games ___\The Wolf Among Us E2 (XBLA)
The Wolf Among Us E3 (XBLA),XBLA,G:\___ XBLA Games ___\The Wolf Among Us E3 (XBLA)
Torchlight (XBLA),XBLA,G:\___ XBLA Games ___\Torchlight (XBLA)
Trials Fusion (XBLA),XBLA,G:\___ XBLA Games ___\Trials Fusion (XBLA)
Truck Racer (XBLA),XBLA,G:\___ XBLA Games ___\Truck Racer (XBLA)
Ultimate Mortal Kombat 3 (XBLA),XBLA,G:\___ XBLA Games ___\Ultimate Mortal Kombat 3 (XBLA)
UNO Rush (XBLA),XBLA,G:\___ XBLA Games ___\UNO Rush (XBLA)
Valiant Hearts - The Great War (XBLA),XBLA,G:\___ XBLA Games ___\Valiant Hearts - The Great War (XBLA)
War of the Worlds The (XBLA),XBLA,G:\___ XBLA Games ___\War of the Worlds The (XBLA)
Way of the Dogg (XBLA),XBLA,G:\___ XBLA Games ___\Way of the Dogg (XBLA)
Wolfenstein 3D (XBLA),XBLA,G:\___ XBLA Games ___\Wolfenstein 3D (XBLA)
Wolfenstein 3D - Stackable (XBLA),XBLA,G:\___ XBLA Games ___\Wolfenstein 3D - Stackable (XBLA)
Worms (XBLA),XBLA,G:\___ XBLA Games ___\Worms (XBLA)
Worms - Ultimate Mayhem (XBLA),XBLA,G:\___ XBLA Games ___\Worms - Ultimate Mayhem (XBLA)
Worms 2 - Armageddon (XBLA),XBLA,G:\___ XBLA Games ___\Worms 2 - Armageddon (XBLA)
Worms Revolution (XBLA),XBLA,G:\___ XBLA Games ___\Worms Revolution (XBLA)
007 - Blood Stone,1DVD,G:\___ One-DVD READY GAMES ___\007 - Blood Stone
007 Legends,1DVD,G:\___ One-DVD READY GAMES ___\007 Legends
50.Cent.Blood.On.The.Sand,1DVD,G:\___ One-DVD READY GAMES ___\50.Cent.Blood.On.The.Sand
Ace.Combat.6.PAL,1DVD,G:\___ One-DVD READY GAMES ___\Ace.Combat.6.PAL
Ace.Combat.Assault.Horizon,1DVD,G:\___ One-DVD READY GAMES ___\Ace.Combat.Assault.Horizon
Adrenalin Misfits (USA),1DVD,G:\___ One-DVD READY GAMES ___\Adrenalin Misfits (USA)
Adventure.Time.The.Secret.of.the.Nameless.Kingdom,1DVD,G:\___ One-DVD READY GAMES ___\Adventure.Time.The.Secret.of.the.Nameless.Kingdom
Air.Conflicts.Secret.Wars,1DVD,G:\___ One-DVD READY GAMES ___\Air.Conflicts.Secret.Wars
Air.Conflicts.Vietnam,1DVD,G:\___ One-DVD READY GAMES ___\Air.Conflicts.Vietnam
Alan.Wake.XBOX360.iMARS,1DVD,G:\___ One-DVD READY GAMES ___\Alan.Wake.XBOX360.iMARS
Alice.Madness.Returns,1DVD,G:\___ One-DVD READY GAMES ___\Alice.Madness.Returns
Alien Breed Trilogy (Europe) (EnDe),1DVD,G:\___ One-DVD READY GAMES ___\Alien Breed Trilogy (Europe) (EnDe)
Alien.Vs.Predator,1DVD,G:\___ One-DVD READY GAMES ___\Alien.Vs.Predator
Aliens.Colonial.Marines,1DVD,G:\___ One-DVD READY GAMES ___\Aliens.Colonial.Marines
Alone.in.the.Dark,1DVD,G:\___ One-DVD READY GAMES ___\Alone.in.the.Dark
Alpha.Protocol,1DVD,G:\___ One-DVD READY GAMES ___\Alpha.Protocol
Alvin.and.the.Chipmunks.Chipwrecked,1DVD,G:\___ One-DVD READY GAMES ___\Alvin.and.the.Chipmunks.Chipwrecked
Angry Birds Trilogy,1DVD,G:\___ One-DVD READY GAMES ___\Angry Birds Trilogy
Angry.Birds.Star.Wars,1DVD,G:\___ One-DVD READY GAMES ___\Angry.Birds.Star.Wars
Apache.Air.Assault,1DVD,G:\___ One-DVD READY GAMES ___\Apache.Air.Assault
Arcania.The.Complete.Tale,1DVD,G:\___ One-DVD READY GAMES ___\Arcania.The.Complete.Tale
Armored.Core.V,1DVD,G:\___ One-DVD READY GAMES ___\Armored.Core.V
Army.Of.Two,1DVD,G:\___ One-DVD READY GAMES ___\Army.Of.Two
Army.Of.Two.The.40th.Day,1DVD,G:\___ One-DVD READY GAMES ___\Army.Of.Two.The.40th.Day
Army.of.Two.The.Devils.Cartel,1DVD,G:\___ One-DVD READY GAMES ___\Army.of.Two.The.Devils.Cartel
Assasins.Creed.Brotherhood,1DVD,G:\___ One-DVD READY GAMES ___\Assasins.Creed.Brotherhood
Assassins Creed,1DVD,G:\___ One-DVD READY GAMES ___\Assassins Creed
Assassins Creed - Revelations (USA Europe) (EnFrDeEsItNlPtSvNoDa),1DVD,G:\___ One-DVD READY GAMES ___\Assassins Creed - Revelations (USA Europe) (EnFrDeEsItNlPtSvNoDa)
Assassins Creed Rogue [RF],1DVD,G:\___ One-DVD READY GAMES ___\Assassins Creed Rogue [RF]
Assassins Creed_2007,1DVD,G:\___ One-DVD READY GAMES ___\Assassins Creed_2007
Assassins.Creed.2,1DVD,G:\___ One-DVD READY GAMES ___\Assassins.Creed.2
Assassins.Creed.Revelations_complex,1DVD,G:\___ One-DVD READY GAMES ___\Assassins.Creed.Revelations_complex
Asterix at the Olympic Games (Canada),1DVD,G:\___ One-DVD READY GAMES ___\Asterix at the Olympic Games (Canada)
Asuras Wrath (World),1DVD,G:\___ One-DVD READY GAMES ___\Asuras Wrath (World)
Batman.Arkham.Asylum.GOTY,1DVD,G:\___ One-DVD READY GAMES ___\Batman.Arkham.Asylum.GOTY
Batman.Arkham.City,1DVD,G:\___ One-DVD READY GAMES ___\Batman.Arkham.City
Batman.The.Telltale.Series,1DVD,G:\___ One-DVD READY GAMES ___\Batman.The.Telltale.Series
Battle vs. Chess (Europe),1DVD,G:\___ One-DVD READY GAMES ___\Battle vs. Chess (Europe)
Battlefield - Bad Company 2 (USA) (EnFr) (Limited Edition),1DVD,G:\___ One-DVD READY GAMES ___\Battlefield - Bad Company 2 (USA) (EnFr) (Limited Edition)
Battlefield 2 - Modern Combat (USA),1DVD,G:\___ One-DVD READY GAMES ___\Battlefield 2 - Modern Combat (USA)
Battlefield.Bad.Company,1DVD,G:\___ One-DVD READY GAMES ___\Battlefield.Bad.Company
Battlefield.Hardline,1DVD,G:\___ One-DVD READY GAMES ___\Battlefield.Hardline
Battleship,1DVD,G:\___ One-DVD READY GAMES ___\Battleship
Ben.10.Galactic.Racing,1DVD,G:\___ One-DVD READY GAMES ___\Ben.10.Galactic.Racing
Ben.10.Omniverse,1DVD,G:\___ One-DVD READY GAMES ___\Ben.10.Omniverse
Ben.10.Omniverse.2,1DVD,G:\___ One-DVD READY GAMES ___\Ben.10.Omniverse.2
Ben.10.Ultimate.Alien.Cosmic.Destruction,1DVD,G:\___ One-DVD READY GAMES ___\Ben.10.Ultimate.Alien.Cosmic.Destruction
Binary.Domain,1DVD,G:\___ One-DVD READY GAMES ___\Binary.Domain
Bionic.Commando,1DVD,G:\___ One-DVD READY GAMES ___\Bionic.Commando
BioShock - Ultimate Rapture Edition (USA) (BioShock - Bonus Content),1DVD,G:\___ One-DVD READY GAMES ___\BioShock - Ultimate Rapture Edition (USA) (BioShock - Bonus Content)
BioShock - Ultimate Rapture Edition (USA) (BioShock 2 - Bonus Content),1DVD,G:\___ One-DVD READY GAMES ___\BioShock - Ultimate Rapture Edition (USA) (BioShock 2 - Bonus Content)
BioShock 2 (World) (EnFrEs) (Beta) (2009-11-30),1DVD,G:\___ One-DVD READY GAMES ___\BioShock 2 (World) (EnFrEs) (Beta) (2009-11-30)
BioShock Infinite - The Complete Edition - Bonus Content Disc (USA),1DVD,G:\___ One-DVD READY GAMES ___\BioShock Infinite - The Complete Edition - Bonus Content Disc (USA)
BlackSite.Area.51,1DVD,G:\___ One-DVD READY GAMES ___\BlackSite.Area.51
Blood Bowl (USA) (EnFrEs),1DVD,G:\___ One-DVD READY GAMES ___\Blood Bowl (USA) (EnFrEs)
Blood.Drive.XBOX360.CCCLX,1DVD,G:\___ One-DVD READY GAMES ___\Blood.Drive.XBOX360.CCCLX
Blur.XBOX360-MARVEL,1DVD,G:\___ One-DVD READY GAMES ___\Blur.XBOX360-MARVEL
Body.Count.XBOX360.MARVEL,1DVD,G:\___ One-DVD READY GAMES ___\Body.Count.XBOX360.MARVEL
Borderlands.GOTY,1DVD,G:\___ One-DVD READY GAMES ___\Borderlands.GOTY
Borderlands.The.Pre.Sequel,1DVD,G:\___ One-DVD READY GAMES ___\Borderlands.The.Pre.Sequel
Bound.by.Flame.SPARE,1DVD,G:\___ One-DVD READY GAMES ___\Bound.by.Flame.SPARE
Brink,1DVD,G:\___ One-DVD READY GAMES ___\Brink
Brothers.in.Arms.Hells.Highway,1DVD,G:\___ One-DVD READY GAMES ___\Brothers.in.Arms.Hells.Highway
Brunswick.Pro.Bowling,1DVD,G:\___ One-DVD READY GAMES ___\Brunswick.Pro.Bowling
Brutal.Legend,1DVD,G:\___ One-DVD READY GAMES ___\Brutal.Legend
BulletStorm,1DVD,G:\___ One-DVD READY GAMES ___\BulletStorm
Bully - Scholarship Edition (USA) (EnFrDeEsIt),1DVD,G:\___ One-DVD READY GAMES ___\Bully - Scholarship Edition (USA) (EnFrDeEsIt)
Burnout.Paradise.The.Ultimate.Box,1DVD,G:\___ One-DVD READY GAMES ___\Burnout.Paradise.The.Ultimate.Box
Call of Duty - Black Ops II (World),1DVD,G:\___ One-DVD READY GAMES ___\Call of Duty - Black Ops II (World)
Call of Duty - Black Ops III (USA Europe) (EnFrDeEsItPtPlRu),1DVD,G:\___ One-DVD READY GAMES ___\Call of Duty - Black Ops III (USA Europe) (EnFrDeEsItPtPlRu)
Call of Duty - Modern Warfare 3 (USA Europe),1DVD,G:\___ One-DVD READY GAMES ___\Call of Duty - Modern Warfare 3 (USA Europe)
Call of Duty - World at War (USA Europe),1DVD,G:\___ One-DVD READY GAMES ___\Call of Duty - World at War (USA Europe)
Call of Duty 2 (USA Europe),1DVD,G:\___ One-DVD READY GAMES ___\Call of Duty 2 (USA Europe)
Call of Duty 3 (USA Europe),1DVD,G:\___ One-DVD READY GAMES ___\Call of Duty 3 (USA Europe)
Call Of Duty 4 Modern Warfare,1DVD,G:\___ One-DVD READY GAMES ___\Call Of Duty 4 Modern Warfare
Call Of Duty Black Ops,1DVD,G:\___ One-DVD READY GAMES ___\Call Of Duty Black Ops
Call Of Duty Black Ops 2,1DVD,G:\___ One-DVD READY GAMES ___\Call Of Duty Black Ops 2
Call Of Duty Modern Warfare 3,1DVD,G:\___ One-DVD READY GAMES ___\Call Of Duty Modern Warfare 3
Call.Of.Duty.Black.Ops.III,1DVD,G:\___ One-DVD READY GAMES ___\Call.Of.Duty.Black.Ops.III
Call.Of.Juarez.Bound.In.Blood,1DVD,G:\___ One-DVD READY GAMES ___\Call.Of.Juarez.Bound.In.Blood
Call.of.Juarez.The.Cartel,1DVD,G:\___ One-DVD READY GAMES ___\Call.of.Juarez.The.Cartel
Call_Of_Duty_World_At_War,1DVD,G:\___ One-DVD READY GAMES ___\Call_Of_Duty_World_At_War
Capcom.Digital.Collection,1DVD,G:\___ One-DVD READY GAMES ___\Capcom.Digital.Collection
Capitan.America.Super.Solder,1DVD,G:\___ One-DVD READY GAMES ___\Capitan.America.Super.Solder
Carrier.Command.Gaea.Mission,1DVD,G:\___ One-DVD READY GAMES ___\Carrier.Command.Gaea.Mission
Cars.2,1DVD,G:\___ One-DVD READY GAMES ___\Cars.2
Cars.3.Driven.to.Win,1DVD,G:\___ One-DVD READY GAMES ___\Cars.3.Driven.to.Win
Cartoon.Network.Punch.Time.Explosion,1DVD,G:\___ One-DVD READY GAMES ___\Cartoon.Network.Punch.Time.Explosion
Castlevania - Lords of Shadow 2 (USA) (EnFrDeEsItPt),1DVD,G:\___ One-DVD READY GAMES ___\Castlevania - Lords of Shadow 2 (USA) (EnFrDeEsItPt)
Child.of.Eden,1DVD,G:\___ One-DVD READY GAMES ___\Child.of.Eden
Chronicles of Narnia The - Prince Caspian (Europe) (EnFrEs),1DVD,G:\___ One-DVD READY GAMES ___\Chronicles of Narnia The - Prince Caspian (Europe) (EnFrEs)
Chronicles.of.Riddick.Assault.on.Dark.Athena,1DVD,G:\___ One-DVD READY GAMES ___\Chronicles.of.Riddick.Assault.on.Dark.Athena
Clash.Of.The.Titans,1DVD,G:\___ One-DVD READY GAMES ___\Clash.Of.The.Titans
Cloudy.With.A.Chance.Of.Meatballs,1DVD,G:\___ One-DVD READY GAMES ___\Cloudy.With.A.Chance.Of.Meatballs
Command.and.Conquer.3.Kanes.Wrath,1DVD,G:\___ One-DVD READY GAMES ___\Command.and.Conquer.3.Kanes.Wrath
Compilation Disc - DJ Hero and Band Hero and Guitar Hero 5 and Guitar Hero - Greatest Hits (Europe),1DVD,G:\___ One-DVD READY GAMES ___\Compilation Disc - DJ Hero and Band Hero and Guitar Hero 5 and Guitar Hero - Greatest Hits (Europe)
Complex Dark,1DVD,G:\___ One-DVD READY GAMES ___\Complex Dark
Condemned.2.Bloodshot,1DVD,G:\___ One-DVD READY GAMES ___\Condemned.2.Bloodshot
Crash - Mind over Mutant (USA) (EnFrDeEsItNlSvNoDaFi),1DVD,G:\___ One-DVD READY GAMES ___\Crash - Mind over Mutant (USA) (EnFrDeEsItNlSvNoDaFi)
Crash of the Titans,1DVD,G:\___ One-DVD READY GAMES ___\Crash of the Titans
Crash.Time.4.The.Syndicate,1DVD,G:\___ One-DVD READY GAMES ___\Crash.Time.4.The.Syndicate
Crysis 2 (World) (EnFr),1DVD,G:\___ One-DVD READY GAMES ___\Crysis 2 (World) (EnFr)
Crysis 3 (USA Europe) (EnFr),1DVD,G:\___ One-DVD READY GAMES ___\Crysis 3 (USA Europe) (EnFr)
Damnation,1DVD,G:\___ One-DVD READY GAMES ___\Damnation
Dantes Inferno,1DVD,G:\___ One-DVD READY GAMES ___\Dantes Inferno
Dark Souls II (World) (EnJaFrDeEsItZhKoPlRu),1DVD,G:\___ One-DVD READY GAMES ___\Dark Souls II (World) (EnJaFrDeEsItZhKoPlRu)
Dark Souls Prepare To Die Edition,1DVD,G:\___ One-DVD READY GAMES ___\Dark Souls Prepare To Die Edition
Darkness The (USA Europe) (EnFrDeEsIt),1DVD,G:\___ One-DVD READY GAMES ___\Darkness The (USA Europe) (EnFrDeEsIt)
Darksiders (USA) (EnFrEs),1DVD,G:\___ One-DVD READY GAMES ___\Darksiders (USA) (EnFrEs)
Darksiders II,1DVD,G:\___ One-DVD READY GAMES ___\Darksiders II
Dead Island Riptide,1DVD,G:\___ One-DVD READY GAMES ___\Dead Island Riptide
Dead Rising (USA),1DVD,G:\___ One-DVD READY GAMES ___\Dead Rising (USA)
Dead Space (USA Asia) (EnFrEs),1DVD,G:\___ One-DVD READY GAMES ___\Dead Space (USA Asia) (EnFrEs)
Dead to Rights Retribution,1DVD,G:\___ One-DVD READY GAMES ___\Dead to Rights Retribution
Deadfall Adventures (USA Europe),1DVD,G:\___ One-DVD READY GAMES ___\Deadfall Adventures (USA Europe)
Deadliest Warrior Ancient Combat,1DVD,G:\___ One-DVD READY GAMES ___\Deadliest Warrior Ancient Combat
deBlob 2,1DVD,G:\___ One-DVD READY GAMES ___\deBlob 2
Destiny (World),1DVD,G:\___ One-DVD READY GAMES ___\Destiny (World)
Destroy All Humans Path of the Furon (USA),1DVD,G:\___ One-DVD READY GAMES ___\Destroy All Humans Path of the Furon (USA)
Devil May Cry,1DVD,G:\___ One-DVD READY GAMES ___\Devil May Cry
Devil May Cry HD Collection,1DVD,G:\___ One-DVD READY GAMES ___\Devil May Cry HD Collection
Digimon All Star Rumble,1DVD,G:\___ One-DVD READY GAMES ___\Digimon All Star Rumble
Dirt 2,1DVD,G:\___ One-DVD READY GAMES ___\Dirt 2
Dirt 3,1DVD,G:\___ One-DVD READY GAMES ___\Dirt 3
Dirt Showdown,1DVD,G:\___ One-DVD READY GAMES ___\Dirt Showdown
Dishonored,1DVD,G:\___ One-DVD READY GAMES ___\Dishonored
Disney Epic Mickey 2 - The Power of Two (USA Europe) (EnFrEsNlPt),1DVD,G:\___ One-DVD READY GAMES ___\Disney Epic Mickey 2 - The Power of Two (USA Europe) (EnFrEsNlPt)
Disney Infinity 2.0 Edition (USA) (EnFrEsPt),1DVD,G:\___ One-DVD READY GAMES ___\Disney Infinity 2.0 Edition (USA) (EnFrEsPt)
Disney Infinity 3.0 Edition (USA) (EnFrEs),1DVD,G:\___ One-DVD READY GAMES ___\Disney Infinity 3.0 Edition (USA) (EnFrEs)
Disney Pirates of the Caribbean - At Worlds End (USA) (EnFrDeEsItNl),1DVD,G:\___ One-DVD READY GAMES ___\Disney Pirates of the Caribbean - At Worlds End (USA) (EnFrDeEsItNl)
Disney Universe,1DVD,G:\___ One-DVD READY GAMES ___\Disney Universe
Disney-Pixar Brave (USA),1DVD,G:\___ One-DVD READY GAMES ___\Disney-Pixar Brave (USA)
Disney.Bolt,1DVD,G:\___ One-DVD READY GAMES ___\Disney.Bolt
Doom 3 BFG Edition,1DVD,G:\___ One-DVD READY GAMES ___\Doom 3 BFG Edition
Dragon Age 2,1DVD,G:\___ One-DVD READY GAMES ___\Dragon Age 2
Dragon Ball Xenoverse (USA),1DVD,G:\___ One-DVD READY GAMES ___\Dragon Ball Xenoverse (USA)
Dragonball Z Battle Of Z,1DVD,G:\___ One-DVD READY GAMES ___\Dragonball Z Battle Of Z
Dreamcast Collection (USA Europe),1DVD,G:\___ One-DVD READY GAMES ___\Dreamcast Collection (USA Europe)
DreamWorks How to Train Your Dragon (USA),1DVD,G:\___ One-DVD READY GAMES ___\DreamWorks How to Train Your Dragon (USA)
DreamWorks Megamind - Ultimate Showdown (USA Europe),1DVD,G:\___ One-DVD READY GAMES ___\DreamWorks Megamind - Ultimate Showdown (USA Europe)
Dreamworks Super Star Kartz,1DVD,G:\___ One-DVD READY GAMES ___\Dreamworks Super Star Kartz
Driver San Francisco,1DVD,G:\___ One-DVD READY GAMES ___\Driver San Francisco
Duck Dynasty,1DVD,G:\___ One-DVD READY GAMES ___\Duck Dynasty
Dungeon Siege 3,1DVD,G:\___ One-DVD READY GAMES ___\Dungeon Siege 3
Dynasty Warriors - Gundam,1DVD,G:\___ One-DVD READY GAMES ___\Dynasty Warriors - Gundam
Dynasty Warriors - Gundam 2,1DVD,G:\___ One-DVD READY GAMES ___\Dynasty Warriors - Gundam 2
Dynasty Warriors - Gundam 3,1DVD,G:\___ One-DVD READY GAMES ___\Dynasty Warriors - Gundam 3
Dynasty Warriors - Strikeforce,1DVD,G:\___ One-DVD READY GAMES ___\Dynasty Warriors - Strikeforce
Dynasty Warriors 5 - Empires,1DVD,G:\___ One-DVD READY GAMES ___\Dynasty Warriors 5 - Empires
Dynasty Warriors 6,1DVD,G:\___ One-DVD READY GAMES ___\Dynasty Warriors 6
Dynasty Warriors 6 - Empires,1DVD,G:\___ One-DVD READY GAMES ___\Dynasty Warriors 6 - Empires
Dynasty Warriors 7,1DVD,G:\___ One-DVD READY GAMES ___\Dynasty Warriors 7
Dynasty Warriors 8,1DVD,G:\___ One-DVD READY GAMES ___\Dynasty Warriors 8
EA SPORTS MMA,1DVD,G:\___ One-DVD READY GAMES ___\EA SPORTS MMA
EA Sports NBA Jam,1DVD,G:\___ One-DVD READY GAMES ___\EA Sports NBA Jam
Earth Defense Force Insect Armageddon,1DVD,G:\___ One-DVD READY GAMES ___\Earth Defense Force Insect Armageddon
Enemy Front X-PROTOCOL,1DVD,G:\___ One-DVD READY GAMES ___\Enemy Front X-PROTOCOL
Enslaved Odyssey to the West,1DVD,G:\___ One-DVD READY GAMES ___\Enslaved Odyssey to the West
Escape Dead Island,1DVD,G:\___ One-DVD READY GAMES ___\Escape Dead Island
Evil Within The (USA),1DVD,G:\___ One-DVD READY GAMES ___\Evil Within The (USA)
F.E.A.R. 2 - Project Origin (USA) (EnFrDeEsIt)_2,1DVD,G:\___ One-DVD READY GAMES ___\F.E.A.R. 2 - Project Origin (USA) (EnFrDeEsIt)_2
F.E.A.R. 3 (USA Europe) (EnJaFrDeEsItPtKoPlRu),1DVD,G:\___ One-DVD READY GAMES ___\F.E.A.R. 3 (USA Europe) (EnJaFrDeEsItPtKoPlRu)
F.E.A.R. Files (USA Europe) (EnFrEsIt),1DVD,G:\___ One-DVD READY GAMES ___\F.E.A.R. Files (USA Europe) (EnFrEsIt)
Fable Anniversary (USA Europe) (EnFrEsPt),1DVD,G:\___ One-DVD READY GAMES ___\Fable Anniversary (USA Europe) (EnFrEsPt)
Fable II (USA Europe) (EnZhKoPlCsHu),1DVD,G:\___ One-DVD READY GAMES ___\Fable II (USA Europe) (EnZhKoPlCsHu)
Fable III (USA Europe) (EnZhKoPlRuCsHuSk)_2,1DVD,G:\___ One-DVD READY GAMES ___\Fable III (USA Europe) (EnZhKoPlRuCsHuSk)_2
Far Cry 2 (USA Europe) (EnFrDeEsIt),1DVD,G:\___ One-DVD READY GAMES ___\Far Cry 2 (USA Europe) (EnFrDeEsIt)
Far Cry 3 (USA Europe) (EnFrDeEsItNlPtSvNoDa),1DVD,G:\___ One-DVD READY GAMES ___\Far Cry 3 (USA Europe) (EnFrDeEsItNlPtSvNoDa)
Far Cry 4 (USA),1DVD,G:\___ One-DVD READY GAMES ___\Far Cry 4 (USA)
Farming Simulator 15,1DVD,G:\___ One-DVD READY GAMES ___\Farming Simulator 15
Fast and Furious Showdown,1DVD,G:\___ One-DVD READY GAMES ___\Fast and Furious Showdown
FIFA 19 - Legacy Edition (Europe) (EnDeIt),1DVD,G:\___ One-DVD READY GAMES ___\FIFA 19 - Legacy Edition (Europe) (EnDeIt)
Fifa Street,1DVD,G:\___ One-DVD READY GAMES ___\Fifa Street
Fight Night Champion,1DVD,G:\___ One-DVD READY GAMES ___\Fight Night Champion
Fighters Uncaged,1DVD,G:\___ One-DVD READY GAMES ___\Fighters Uncaged
Final Fantasy XI - Online - Wings of the Goddess Expansion Pack (USA),1DVD,G:\___ One-DVD READY GAMES ___\Final Fantasy XI - Online - Wings of the Goddess Expansion Pack (USA)
Final Fantasy XI - Seekers of Adoulin (USA),1DVD,G:\___ One-DVD READY GAMES ___\Final Fantasy XI - Seekers of Adoulin (USA)
Final Fantasy XIII-2 (USA),1DVD,G:\___ One-DVD READY GAMES ___\Final Fantasy XIII-2 (USA)
Forza Horizon,1DVD,G:\___ One-DVD READY GAMES ___\Forza Horizon
Frontlines Fuel Of War,1DVD,G:\___ One-DVD READY GAMES ___\Frontlines Fuel Of War
FUSE,1DVD,G:\___ One-DVD READY GAMES ___\FUSE
G.I.JOE The Rise Of Cobra,1DVD,G:\___ One-DVD READY GAMES ___\G.I.JOE The Rise Of Cobra
Game Party In Motion,1DVD,G:\___ One-DVD READY GAMES ___\Game Party In Motion
Gears of War,1DVD,G:\___ One-DVD READY GAMES ___\Gears of War
Gears Of War 2,1DVD,G:\___ One-DVD READY GAMES ___\Gears Of War 2
Gears Of War 3,1DVD,G:\___ One-DVD READY GAMES ___\Gears Of War 3
Gears of War Judgment,1DVD,G:\___ One-DVD READY GAMES ___\Gears of War Judgment
Generator Rex Agent of Providence,1DVD,G:\___ One-DVD READY GAMES ___\Generator Rex Agent of Providence
Genesis.Ultimate.Collection,1DVD,G:\___ One-DVD READY GAMES ___\Genesis.Ultimate.Collection
Ghost Recon Advanced Warfighter 2,1DVD,G:\___ One-DVD READY GAMES ___\Ghost Recon Advanced Warfighter 2
Godfather The (USA),1DVD,G:\___ One-DVD READY GAMES ___\Godfather The (USA)
GoldenEye 007 - Reloaded (USA Europe) (EnFrDeEsIt),1DVD,G:\___ One-DVD READY GAMES ___\GoldenEye 007 - Reloaded (USA Europe) (EnFrDeEsIt)
Grand Slam Tennis 2,1DVD,G:\___ One-DVD READY GAMES ___\Grand Slam Tennis 2
Grand Theft Auto - Episodes from Liberty City (USA Europe) (EnFrDeEsIt),1DVD,G:\___ One-DVD READY GAMES ___\Grand Theft Auto - Episodes from Liberty City (USA Europe) (EnFrDeEsIt)
Grand Theft Auto - San Andreas (USA) (EnFrDeEsIt),1DVD,G:\___ One-DVD READY GAMES ___\Grand Theft Auto - San Andreas (USA) (EnFrDeEsIt)
Grand Theft Auto IV (USA) (EnFrDeEsIt),1DVD,G:\___ One-DVD READY GAMES ___\Grand Theft Auto IV (USA) (EnFrDeEsIt)
Green Lantern Rise of the Manhunters,1DVD,G:\___ One-DVD READY GAMES ___\Green Lantern Rise of the Manhunters
Greg Hastings Paintball 2,1DVD,G:\___ One-DVD READY GAMES ___\Greg Hastings Paintball 2
GRID 2,1DVD,G:\___ One-DVD READY GAMES ___\GRID 2
GRID Autosport,1DVD,G:\___ One-DVD READY GAMES ___\GRID Autosport
Guitar Hero 3 Legends of Rock,1DVD,G:\___ One-DVD READY GAMES ___\Guitar Hero 3 Legends of Rock
Guitar Hero 5,1DVD,G:\___ One-DVD READY GAMES ___\Guitar Hero 5
Guitar Hero Aerosmith,1DVD,G:\___ One-DVD READY GAMES ___\Guitar Hero Aerosmith
Halo Reach,1DVD,G:\___ One-DVD READY GAMES ___\Halo Reach
Halo Wars (USA),1DVD,G:\___ One-DVD READY GAMES ___\Halo Wars (USA)
Happy Feet Two,1DVD,G:\___ One-DVD READY GAMES ___\Happy Feet Two
Harry Potter and the Deathly Hallows - Part 1,1DVD,G:\___ One-DVD READY GAMES ___\Harry Potter and the Deathly Hallows - Part 1
Harry Potter and the Deathly Hallows - Part 2 (USA) (EnFrDeEsIt),1DVD,G:\___ One-DVD READY GAMES ___\Harry Potter and the Deathly Hallows - Part 2 (USA) (EnFrDeEsIt)
Harry Potter And The Half Blood Prince,1DVD,G:\___ One-DVD READY GAMES ___\Harry Potter And The Half Blood Prince
Harry Potter and the Order of the Phoenix (USA),1DVD,G:\___ One-DVD READY GAMES ___\Harry Potter and the Order of the Phoenix (USA)
Harry Potter for Kinect (USA Europe),1DVD,G:\___ One-DVD READY GAMES ___\Harry Potter for Kinect (USA Europe)
Hellboy - The Science of Evil (USA Europe) (EnFrDeEsIt),1DVD,G:\___ One-DVD READY GAMES ___\Hellboy - The Science of Evil (USA Europe) (EnFrDeEsIt)
Hip Hop Dance Experience The (USA Europe),1DVD,G:\___ One-DVD READY GAMES ___\Hip Hop Dance Experience The (USA Europe)
Hitman - Blood Money,1DVD,G:\___ One-DVD READY GAMES ___\Hitman - Blood Money
Hitman.Absolution,1DVD,G:\___ One-DVD READY GAMES ___\Hitman.Absolution
Hitman.HD.Trilogy,1DVD,G:\___ One-DVD READY GAMES ___\Hitman.HD.Trilogy
Homefront (USA Europe),1DVD,G:\___ One-DVD READY GAMES ___\Homefront (USA Europe)
Hot Wheels - Worlds Best Driver,1DVD,G:\___ One-DVD READY GAMES ___\Hot Wheels - Worlds Best Driver
Ice Age - Continental Drift - Arctic Games (USA),1DVD,G:\___ One-DVD READY GAMES ___\Ice Age - Continental Drift - Arctic Games (USA)
Ice Age 3 - Dawn of the Dinosaurs,1DVD,G:\___ One-DVD READY GAMES ___\Ice Age 3 - Dawn of the Dinosaurs
Incredible Hulk The (USA) (EnFr),1DVD,G:\___ One-DVD READY GAMES ___\Incredible Hulk The (USA) (EnFr)
Injustice Gods Among Us - Ultimate Edition,1DVD,G:\___ One-DVD READY GAMES ___\Injustice Gods Among Us - Ultimate Edition
Inversion,1DVD,G:\___ One-DVD READY GAMES ___\Inversion
Iron Man 2,1DVD,G:\___ One-DVD READY GAMES ___\Iron Man 2
Iron Sky Invasion,1DVD,G:\___ One-DVD READY GAMES ___\Iron Sky Invasion
JASF Janes Advanced Strike Fighters,1DVD,G:\___ One-DVD READY GAMES ___\JASF Janes Advanced Strike Fighters
Juiced 2 - Hot Import Nights,1DVD,G:\___ One-DVD READY GAMES ___\Juiced 2 - Hot Import Nights
Jumper - Griffins Story (USA Europe),1DVD,G:\___ One-DVD READY GAMES ___\Jumper - Griffins Story (USA Europe)
Jurassic Park - The Game (USA),1DVD,G:\___ One-DVD READY GAMES ___\Jurassic Park - The Game (USA)
Just Cause 2,1DVD,G:\___ One-DVD READY GAMES ___\Just Cause 2
Just Dance 2019,1DVD,G:\___ One-DVD READY GAMES ___\Just Dance 2019
Kane and Lynch - Dead Men (World) (EnFrDeEsIt),1DVD,G:\___ One-DVD READY GAMES ___\Kane and Lynch - Dead Men (World) (EnFrDeEsIt)
Kane And Lynch 2 - Dog Days,1DVD,G:\___ One-DVD READY GAMES ___\Kane And Lynch 2 - Dog Days
Kinect Adventures,1DVD,G:\___ One-DVD READY GAMES ___\Kinect Adventures
Kinect Joy Ride,1DVD,G:\___ One-DVD READY GAMES ___\Kinect Joy Ride
Kinect Sports,1DVD,G:\___ One-DVD READY GAMES ___\Kinect Sports
Kinect Sports Season Two,1DVD,G:\___ One-DVD READY GAMES ___\Kinect Sports Season Two
Kinect.Star.Wars,1DVD,G:\___ One-DVD READY GAMES ___\Kinect.Star.Wars
Kingdoms of Amalur Reckoning,1DVD,G:\___ One-DVD READY GAMES ___\Kingdoms of Amalur Reckoning
Kins Quest The Complete Collection [RF],1DVD,G:\___ One-DVD READY GAMES ___\Kins Quest The Complete Collection [RF]
Knights Contract,1DVD,G:\___ One-DVD READY GAMES ___\Knights Contract
Kung-Fu High Impact,1DVD,G:\___ One-DVD READY GAMES ___\Kung-Fu High Impact
Kung-Fu Panda - Showdown of Legendary Legends,1DVD,G:\___ One-DVD READY GAMES ___\Kung-Fu Panda - Showdown of Legendary Legends
Kung-Fu Panda 2,1DVD,G:\___ One-DVD READY GAMES ___\Kung-Fu Panda 2
Le Tour De France 2014,1DVD,G:\___ One-DVD READY GAMES ___\Le Tour De France 2014
Left 4 Dead - Game of the Year Edition (USA),1DVD,G:\___ One-DVD READY GAMES ___\Left 4 Dead - Game of the Year Edition (USA)
Left-4-Dead 2,1DVD,G:\___ One-DVD READY GAMES ___\Left-4-Dead 2
Legend of the Guardians - The Owls of GaHoole (USA Europe),1DVD,G:\___ One-DVD READY GAMES ___\Legend of the Guardians - The Owls of GaHoole (USA Europe)
LEGO Avengers,1DVD,G:\___ One-DVD READY GAMES ___\LEGO Avengers
LEGO Batman 2 - DC Super Heroes,1DVD,G:\___ One-DVD READY GAMES ___\LEGO Batman 2 - DC Super Heroes
LEGO Dimensions,1DVD,G:\___ One-DVD READY GAMES ___\LEGO Dimensions
LEGO Harry Potter - Years 1-4,1DVD,G:\___ One-DVD READY GAMES ___\LEGO Harry Potter - Years 1-4
LEGO Indiana Jones - The Original Adventures,1DVD,G:\___ One-DVD READY GAMES ___\LEGO Indiana Jones - The Original Adventures
LEGO Jurassic World,1DVD,G:\___ One-DVD READY GAMES ___\LEGO Jurassic World
LEGO Marvel Super Heroes,1DVD,G:\___ One-DVD READY GAMES ___\LEGO Marvel Super Heroes
LEGO Rock Band,1DVD,G:\___ One-DVD READY GAMES ___\LEGO Rock Band
LEGO Star Wars III - The Clone Wars,1DVD,G:\___ One-DVD READY GAMES ___\LEGO Star Wars III - The Clone Wars
LEGO The Hobbit,1DVD,G:\___ One-DVD READY GAMES ___\LEGO The Hobbit
LEGO The Lord of the Rings,1DVD,G:\___ One-DVD READY GAMES ___\LEGO The Lord of the Rings
London 2012,1DVD,G:\___ One-DVD READY GAMES ___\London 2012
Lord of the Rings - Conquest,1DVD,G:\___ One-DVD READY GAMES ___\Lord of the Rings - Conquest
Lost Planet - Extreme Condition (USA Europe) (EnJaFrDeEsItKo),1DVD,G:\___ One-DVD READY GAMES ___\Lost Planet - Extreme Condition (USA Europe) (EnJaFrDeEsItKo)
Lost Planet - Extreme Condition - Colonies Edition (World) (EnJaFrDeEsItKo),1DVD,G:\___ One-DVD READY GAMES ___\Lost Planet - Extreme Condition - Colonies Edition (World) (EnJaFrDeEsItKo)
Lost Planet 2,1DVD,G:\___ One-DVD READY GAMES ___\Lost Planet 2
Lost Planet 3 (World) (EnJaFrDeEsItPtPlRu),1DVD,G:\___ One-DVD READY GAMES ___\Lost Planet 3 (World) (EnJaFrDeEsItPtPlRu)
Lost Via Domus,1DVD,G:\___ One-DVD READY GAMES ___\Lost Via Domus
Madagascar - Escape 2 Africa,1DVD,G:\___ One-DVD READY GAMES ___\Madagascar - Escape 2 Africa
Madagascar 3,1DVD,G:\___ One-DVD READY GAMES ___\Madagascar 3
Madagascar Kartz,1DVD,G:\___ One-DVD READY GAMES ___\Madagascar Kartz
Majin and the Forsaken Kingdom,1DVD,G:\___ One-DVD READY GAMES ___\Majin and the Forsaken Kingdom
Marvel Avengers Battle For Earth,1DVD,G:\___ One-DVD READY GAMES ___\Marvel Avengers Battle For Earth
Marvel Ultimate Alliance 2,1DVD,G:\___ One-DVD READY GAMES ___\Marvel Ultimate Alliance 2
Mass Effect (USA Europe) (EnFrDeEsItPtPl) (Bonus Content Disc) (Rerelease),1DVD,G:\___ One-DVD READY GAMES ___\Mass Effect (USA Europe) (EnFrDeEsItPtPl) (Bonus Content Disc) (Rerelease)
Mayhem 3D,1DVD,G:\___ One-DVD READY GAMES ___\Mayhem 3D
Medal Of Honor Airborne,1DVD,G:\___ One-DVD READY GAMES ___\Medal Of Honor Airborne
Medal Of Honor Limited Edition,1DVD,G:\___ One-DVD READY GAMES ___\Medal Of Honor Limited Edition
Megamind - Ultimate Showdown,1DVD,G:\___ One-DVD READY GAMES ___\Megamind - Ultimate Showdown
Men In Black - Alien Crisis,1DVD,G:\___ One-DVD READY GAMES ___\Men In Black - Alien Crisis
Metal Gear Rising Revengence,1DVD,G:\___ One-DVD READY GAMES ___\Metal Gear Rising Revengence
Metro - Last Light (USA Korea) (EnFrDeEsItNlPlRuCs),1DVD,G:\___ One-DVD READY GAMES ___\Metro - Last Light (USA Korea) (EnFrDeEsItNlPlRuCs)
Metro 2033,1DVD,G:\___ One-DVD READY GAMES ___\Metro 2033
Micheal Jackson - The Experience,1DVD,G:\___ One-DVD READY GAMES ___\Micheal Jackson - The Experience
Mindjack,1DVD,G:\___ One-DVD READY GAMES ___\Mindjack
Minecraft,1DVD,G:\___ One-DVD READY GAMES ___\Minecraft
Mini Ninjas,1DVD,G:\___ One-DVD READY GAMES ___\Mini Ninjas
Mirrors Edge,1DVD,G:\___ One-DVD READY GAMES ___\Mirrors Edge
Monopoly (USA Europe),1DVD,G:\___ One-DVD READY GAMES ___\Monopoly (USA Europe)
Monster Hunter Frontier G1 - Premium Package (Japan) (Disc 1) (Data Disc),1DVD,G:\___ One-DVD READY GAMES ___\Monster Hunter Frontier G1 - Premium Package (Japan) (Disc 1) (Data Disc)
Monsters Vs Aliens,1DVD,G:\___ One-DVD READY GAMES ___\Monsters Vs Aliens
MorphX (USA Europe),1DVD,G:\___ One-DVD READY GAMES ___\MorphX (USA Europe)
Mortal Kombat - Complete Edition (Europe) (EnFrDeEsItPt),1DVD,G:\___ One-DVD READY GAMES ___\Mortal Kombat - Complete Edition (Europe) (EnFrDeEsItPt)
Motion Sports,1DVD,G:\___ One-DVD READY GAMES ___\Motion Sports
MotoGP 14,1DVD,G:\___ One-DVD READY GAMES ___\MotoGP 14
MUD FIM Motocross,1DVD,G:\___ One-DVD READY GAMES ___\MUD FIM Motocross
Murdered Soul Suspect,1DVD,G:\___ One-DVD READY GAMES ___\Murdered Soul Suspect
MX vs ATV Alive,1DVD,G:\___ One-DVD READY GAMES ___\MX vs ATV Alive
Mx vs Atv Reflex,1DVD,G:\___ One-DVD READY GAMES ___\Mx vs Atv Reflex
MX vs ATV Supercross,1DVD,G:\___ One-DVD READY GAMES ___\MX vs ATV Supercross
MXGP,1DVD,G:\___ One-DVD READY GAMES ___\MXGP
Naruto Shippuden Ultimate - Ninja Storm 3 - Full Burst,1DVD,G:\___ One-DVD READY GAMES ___\Naruto Shippuden Ultimate - Ninja Storm 3 - Full Burst
NBA 2K18,1DVD,G:\___ One-DVD READY GAMES ___\NBA 2K18
Need for Speed - Most Wanted,1DVD,G:\___ One-DVD READY GAMES ___\Need for Speed - Most Wanted
Need for Speed - Undercover (Europe) (EnEsNlSvNoDaFiPlRuCsHu),1DVD,G:\___ One-DVD READY GAMES ___\Need for Speed - Undercover (Europe) (EnEsNlSvNoDaFiPlRuCsHu)
Need for Speed Carbon,1DVD,G:\___ One-DVD READY GAMES ___\Need for Speed Carbon
Need for Speed Hot Pursuit,1DVD,G:\___ One-DVD READY GAMES ___\Need for Speed Hot Pursuit
Need for Speed Most Wanted,1DVD,G:\___ One-DVD READY GAMES ___\Need for Speed Most Wanted
Need For Speed Prostreet,1DVD,G:\___ One-DVD READY GAMES ___\Need For Speed Prostreet
Need For Speed Rivals,1DVD,G:\___ One-DVD READY GAMES ___\Need For Speed Rivals
Need for Speed Shift,1DVD,G:\___ One-DVD READY GAMES ___\Need for Speed Shift
Need For Speed The Run,1DVD,G:\___ One-DVD READY GAMES ___\Need For Speed The Run
NeverDead,1DVD,G:\___ One-DVD READY GAMES ___\NeverDead
NHL 14,1DVD,G:\___ One-DVD READY GAMES ___\NHL 14
Nickelodeon Avatar - The Last Airbender - The Burning Earth (USA),1DVD,G:\___ One-DVD READY GAMES ___\Nickelodeon Avatar - The Last Airbender - The Burning Earth (USA)
Night At The Museum - Battle Of The Smithsonian,1DVD,G:\___ One-DVD READY GAMES ___\Night At The Museum - Battle Of The Smithsonian
Ninja Blade,1DVD,G:\___ One-DVD READY GAMES ___\Ninja Blade
Ninja Gaiden 2,1DVD,G:\___ One-DVD READY GAMES ___\Ninja Gaiden 2
Ninja Gaiden 3 - Razors Edge,1DVD,G:\___ One-DVD READY GAMES ___\Ninja Gaiden 3 - Razors Edge
Pac-Man and the Ghostly Adventures 1,1DVD,G:\___ One-DVD READY GAMES ___\Pac-Man and the Ghostly Adventures 1
Pac-Man and the Ghostly Adventures 2 (USA) (EnJaFrDeEsItPt),1DVD,G:\___ One-DVD READY GAMES ___\Pac-Man and the Ghostly Adventures 2 (USA) (EnJaFrDeEsItPt)
Painkiller Hell and Damnation,1DVD,G:\___ One-DVD READY GAMES ___\Painkiller Hell and Damnation
Payday 2,1DVD,G:\___ One-DVD READY GAMES ___\Payday 2
PES 2018 - Pro Evolution Soccer (USA),1DVD,G:\___ One-DVD READY GAMES ___\PES 2018 - Pro Evolution Soccer (USA)
Peter Jacksons King Kong - The Official Game of the Movie (USA Europe) (EnNlSvNoDaFi),1DVD,G:\___ One-DVD READY GAMES ___\Peter Jacksons King Kong - The Official Game of the Movie (USA Europe) (EnNlSvNoDaFi)
Planet 51,1DVD,G:\___ One-DVD READY GAMES ___\Planet 51
Plants vs Zombies Garden Warfare,1DVD,G:\___ One-DVD READY GAMES ___\Plants vs Zombies Garden Warfare
PopCap Hits,1DVD,G:\___ One-DVD READY GAMES ___\PopCap Hits
Portal 2,1DVD,G:\___ One-DVD READY GAMES ___\Portal 2
Power Up Heroes,1DVD,G:\___ One-DVD READY GAMES ___\Power Up Heroes
Prince of Persia (USA Europe) (EnFrDeEsItNl),1DVD,G:\___ One-DVD READY GAMES ___\Prince of Persia (USA Europe) (EnFrDeEsItNl)
Prince of Persia The Forgotten Sands,1DVD,G:\___ One-DVD READY GAMES ___\Prince of Persia The Forgotten Sands
Prison Break The Conspiracy,1DVD,G:\___ One-DVD READY GAMES ___\Prison Break The Conspiracy
Prototype,1DVD,G:\___ One-DVD READY GAMES ___\Prototype
Prototype 2,1DVD,G:\___ One-DVD READY GAMES ___\Prototype 2
Pure Football,1DVD,G:\___ One-DVD READY GAMES ___\Pure Football
Puss In Boots,1DVD,G:\___ One-DVD READY GAMES ___\Puss In Boots
Quantum Theory,1DVD,G:\___ One-DVD READY GAMES ___\Quantum Theory
Rabbids.Alive.and.Kicking,1DVD,G:\___ One-DVD READY GAMES ___\Rabbids.Alive.and.Kicking
Race.Pro,1DVD,G:\___ One-DVD READY GAMES ___\Race.Pro
Rango.The.Videogame,1DVD,G:\___ One-DVD READY GAMES ___\Rango.The.Videogame
Rapala Pro Bass Fishing (USA Europe),1DVD,G:\___ One-DVD READY GAMES ___\Rapala Pro Bass Fishing (USA Europe)
Ratatouille,1DVD,G:\___ One-DVD READY GAMES ___\Ratatouille
Rayman - Raving Rabbids (USA) (EnFrDeEsItNl),1DVD,G:\___ One-DVD READY GAMES ___\Rayman - Raving Rabbids (USA) (EnFrDeEsItNl)
Rayman.Legends,1DVD,G:\___ One-DVD READY GAMES ___\Rayman.Legends
Rayman.Origins,1DVD,G:\___ One-DVD READY GAMES ___\Rayman.Origins
Red Dead Redemption - Undead Nightmare (USA Europe) (EnFrDeEsIt),1DVD,G:\___ One-DVD READY GAMES ___\Red Dead Redemption - Undead Nightmare (USA Europe) (EnFrDeEsIt)
Red.Faction.Guerrilla,1DVD,G:\___ One-DVD READY GAMES ___\Red.Faction.Guerrilla
Remember.Me,1DVD,G:\___ One-DVD READY GAMES ___\Remember.Me
Resident Evil - Revelations  Biohazard - Revelations - Unveiled Edition (World) (EnJaFrDeEsItNlPtPlRu),1DVD,G:\___ One-DVD READY GAMES ___\Resident Evil - Revelations  Biohazard - Revelations - Unveiled Edition (World) (EnJaFrDeEsItNlPtPlRu)
Resident Evil - Revelations 2 (USA Europe) (EnJaFrDeEsItPtZhKoPlRu),1DVD,G:\___ One-DVD READY GAMES ___\Resident Evil - Revelations 2 (USA Europe) (EnJaFrDeEsItPtZhKoPlRu)
Resident.Evil.5.Gold.Edition,1DVD,G:\___ One-DVD READY GAMES ___\Resident.Evil.5.Gold.Edition
Resident.Evil.Operation.Raccoon.City,1DVD,G:\___ One-DVD READY GAMES ___\Resident.Evil.Operation.Raccoon.City
Resonance.Of.Fate,1DVD,G:\___ One-DVD READY GAMES ___\Resonance.Of.Fate
Ridge.Racer.Unbounded,1DVD,G:\___ One-DVD READY GAMES ___\Ridge.Racer.Unbounded
Rio,1DVD,G:\___ One-DVD READY GAMES ___\Rio
Rise of Nightmares (USA),1DVD,G:\___ One-DVD READY GAMES ___\Rise of Nightmares (USA)
Rise.of.the.Guardians,1DVD,G:\___ One-DVD READY GAMES ___\Rise.of.the.Guardians
Rise.of.the.Tomb.Raider,1DVD,G:\___ One-DVD READY GAMES ___\Rise.of.the.Tomb.Raider
Risen 3 - Titan Lords,1DVD,G:\___ One-DVD READY GAMES ___\Risen 3 - Titan Lords
Risen.2.Dark.Waters,1DVD,G:\___ One-DVD READY GAMES ___\Risen.2.Dark.Waters
Robert Ludlum The Bourne Conspiracy,1DVD,G:\___ One-DVD READY GAMES ___\Robert Ludlum The Bourne Conspiracy
RUSE.The.Art.of.Deception,1DVD,G:\___ One-DVD READY GAMES ___\RUSE.The.Art.of.Deception
Saints Row (World) (EnFrDeEsIt),1DVD,G:\___ One-DVD READY GAMES ___\Saints Row (World) (EnFrDeEsIt)
Saints Row IV (USA Europe),1DVD,G:\___ One-DVD READY GAMES ___\Saints Row IV (USA Europe)
Saints.Row.2,1DVD,G:\___ One-DVD READY GAMES ___\Saints.Row.2
Saints.Row.Gat.out.of.Hell,1DVD,G:\___ One-DVD READY GAMES ___\Saints.Row.Gat.out.of.Hell
Saints.Row.The.Third,1DVD,G:\___ One-DVD READY GAMES ___\Saints.Row.The.Third
SAW,1DVD,G:\___ One-DVD READY GAMES ___\SAW
Saw.2.Flesh.and.Blood,1DVD,G:\___ One-DVD READY GAMES ___\Saw.2.Flesh.and.Blood
SBK.Generations,1DVD,G:\___ One-DVD READY GAMES ___\SBK.Generations
Secret.Service.Ultimate.Sacrifice,1DVD,G:\___ One-DVD READY GAMES ___\Secret.Service.Ultimate.Sacrifice
Section.8,1DVD,G:\___ One-DVD READY GAMES ___\Section.8
Sega Superstars Tennis (World) (EnFrDeEsIt),1DVD,G:\___ One-DVD READY GAMES ___\Sega Superstars Tennis (World) (EnFrDeEsIt)
Sesame Street Once Upon a Monster,1DVD,G:\___ One-DVD READY GAMES ___\Sesame Street Once Upon a Monster
Shaun.White.Skateboarding,1DVD,G:\___ One-DVD READY GAMES ___\Shaun.White.Skateboarding
Sherlock Holmes - Crimes and Punishments (USA),1DVD,G:\___ One-DVD READY GAMES ___\Sherlock Holmes - Crimes and Punishments (USA)
Sherlock Holmes Versus Jack the Ripper (USA) (EnFrEs),1DVD,G:\___ One-DVD READY GAMES ___\Sherlock Holmes Versus Jack the Ripper (USA) (EnFrEs)
Shift.2.Unleashed,1DVD,G:\___ One-DVD READY GAMES ___\Shift.2.Unleashed
Shrek.Forever.After,1DVD,G:\___ One-DVD READY GAMES ___\Shrek.Forever.After
Silent.Hill.Downpour,1DVD,G:\___ One-DVD READY GAMES ___\Silent.Hill.Downpour
Silent.Hill.HD.Collection,1DVD,G:\___ One-DVD READY GAMES ___\Silent.Hill.HD.Collection
Silent.Hill.Homecoming,1DVD,G:\___ One-DVD READY GAMES ___\Silent.Hill.Homecoming
Skate.3,1DVD,G:\___ One-DVD READY GAMES ___\Skate.3
Skylanders - Giants (USA Europe) (EnFrDeEsItNlSvNoDaFi),1DVD,G:\___ One-DVD READY GAMES ___\Skylanders - Giants (USA Europe) (EnFrDeEsItNlSvNoDaFi)
Sleeping.Dog,1DVD,G:\___ One-DVD READY GAMES ___\Sleeping.Dog
Sniper.Elite.III.Ultimate.Edition,1DVD,G:\___ One-DVD READY GAMES ___\Sniper.Elite.III.Ultimate.Edition
Sniper.Elite.V2,1DVD,G:\___ One-DVD READY GAMES ___\Sniper.Elite.V2
Sniper.Ghost.Warrior,1DVD,G:\___ One-DVD READY GAMES ___\Sniper.Ghost.Warrior
Sniper.Ghost.Warrior.2,1DVD,G:\___ One-DVD READY GAMES ___\Sniper.Ghost.Warrior.2
Sonic Generations,1DVD,G:\___ One-DVD READY GAMES ___\Sonic Generations
Sonic the Hedgehog,1DVD,G:\___ One-DVD READY GAMES ___\Sonic the Hedgehog
Sonic Unleashed,1DVD,G:\___ One-DVD READY GAMES ___\Sonic Unleashed
Sonic.And.Sega.All.Stars.Racing,1DVD,G:\___ One-DVD READY GAMES ___\Sonic.And.Sega.All.Stars.Racing
Sonics.Ultimate.Genesis.Collection,1DVD,G:\___ One-DVD READY GAMES ___\Sonics.Ultimate.Genesis.Collection
Soul.Calibur.V,1DVD,G:\___ One-DVD READY GAMES ___\Soul.Calibur.V
South.Park.The.Stick.of.Truth.NTSC,1DVD,G:\___ One-DVD READY GAMES ___\South.Park.The.Stick.of.Truth.NTSC
Space Chimps (USA),1DVD,G:\___ One-DVD READY GAMES ___\Space Chimps (USA)
Spec.Ops.The.Line,1DVD,G:\___ One-DVD READY GAMES ___\Spec.Ops.The.Line
Spider-Man - Friend or Foe (USA),1DVD,G:\___ One-DVD READY GAMES ___\Spider-Man - Friend or Foe (USA)
Spider-Man.3,1DVD,G:\___ One-DVD READY GAMES ___\Spider-Man.3
Spider-Man.Shattered.Dimensions,1DVD,G:\___ One-DVD READY GAMES ___\Spider-Man.Shattered.Dimensions
Spider.Man.Web.of.Shadows,1DVD,G:\___ One-DVD READY GAMES ___\Spider.Man.Web.of.Shadows
Splatterhouse,1DVD,G:\___ One-DVD READY GAMES ___\Splatterhouse
Splinter.Cell.Conviction,1DVD,G:\___ One-DVD READY GAMES ___\Splinter.Cell.Conviction
Split.Second.Velocity,1DVD,G:\___ One-DVD READY GAMES ___\Split.Second.Velocity
SpongeBob.SquarePants.Planktons.Robotic.Revenge,1DVD,G:\___ One-DVD READY GAMES ___\SpongeBob.SquarePants.Planktons.Robotic.Revenge
SpongeBobs.Surf.and.Skate.Roadtrip,1DVD,G:\___ One-DVD READY GAMES ___\SpongeBobs.Surf.and.Skate.Roadtrip
Sports Island Freedom,1DVD,G:\___ One-DVD READY GAMES ___\Sports Island Freedom
SSX,1DVD,G:\___ One-DVD READY GAMES ___\SSX
Star Wars - The Force Unleashed II (USA Europe) (EnFrDeEsIt),1DVD,G:\___ One-DVD READY GAMES ___\Star Wars - The Force Unleashed II (USA Europe) (EnFrDeEsIt)
Star.Trek,1DVD,G:\___ One-DVD READY GAMES ___\Star.Trek
Star.Wars.The.Force.Unleashed.2,1DVD,G:\___ One-DVD READY GAMES ___\Star.Wars.The.Force.Unleashed.2
Steel.Battalion.Heavy.Armor,1DVD,G:\___ One-DVD READY GAMES ___\Steel.Battalion.Heavy.Armor
Stoked - Big Air Edition (USA),1DVD,G:\___ One-DVD READY GAMES ___\Stoked - Big Air Edition (USA)
Street.Fighter.X.Tekken,1DVD,G:\___ One-DVD READY GAMES ___\Street.Fighter.X.Tekken
Summer.Stars.2012,1DVD,G:\___ One-DVD READY GAMES ___\Summer.Stars.2012
Super Street Fighter IV (World) (EnJaFrDeEsItKo),1DVD,G:\___ One-DVD READY GAMES ___\Super Street Fighter IV (World) (EnJaFrDeEsItKo)
Supremacy.MMA,1DVD,G:\___ One-DVD READY GAMES ___\Supremacy.MMA
Syndicate,1DVD,G:\___ One-DVD READY GAMES ___\Syndicate
Teenage Mutant Ninja Turtles Mutants in Manhattan,1DVD,G:\___ One-DVD READY GAMES ___\Teenage Mutant Ninja Turtles Mutants in Manhattan
Tekken 6,1DVD,G:\___ One-DVD READY GAMES ___\Tekken 6
Tekken Tag Tournament 2,1DVD,G:\___ One-DVD READY GAMES ___\Tekken Tag Tournament 2
Terminator Salvation,1DVD,G:\___ One-DVD READY GAMES ___\Terminator Salvation
Test Drive Ferrari Racing Legends,1DVD,G:\___ One-DVD READY GAMES ___\Test Drive Ferrari Racing Legends
Testament of Sherlock Holmes The (USA),1DVD,G:\___ One-DVD READY GAMES ___\Testament of Sherlock Holmes The (USA)
The Adventures of Tintin,1DVD,G:\___ One-DVD READY GAMES ___\The Adventures of Tintin
The Amazing Spider Man,1DVD,G:\___ One-DVD READY GAMES ___\The Amazing Spider Man
The Bureau XCOM Declassified,1DVD,G:\___ One-DVD READY GAMES ___\The Bureau XCOM Declassified
The Cursed Crusade,1DVD,G:\___ One-DVD READY GAMES ___\The Cursed Crusade
The Darkness 2,1DVD,G:\___ One-DVD READY GAMES ___\The Darkness 2
The Godfather 2,1DVD,G:\___ One-DVD READY GAMES ___\The Godfather 2
The Gunstringer,1DVD,G:\___ One-DVD READY GAMES ___\The Gunstringer
The King Of Fighters XIII,1DVD,G:\___ One-DVD READY GAMES ___\The King Of Fighters XIII
The LEGO Movie Videogame,1DVD,G:\___ One-DVD READY GAMES ___\The LEGO Movie Videogame
The Orange Box Half Life 2,1DVD,G:\___ One-DVD READY GAMES ___\The Orange Box Half Life 2
The Saboteur,1DVD,G:\___ One-DVD READY GAMES ___\The Saboteur
The Smurfs 2,1DVD,G:\___ One-DVD READY GAMES ___\The Smurfs 2
The Walking Dead,1DVD,G:\___ One-DVD READY GAMES ___\The Walking Dead
The Walking Dead Survival Instinct,1DVD,G:\___ One-DVD READY GAMES ___\The Walking Dead Survival Instinct
The.Serious.Sam.Collection,1DVD,G:\___ One-DVD READY GAMES ___\The.Serious.Sam.Collection
Thief,1DVD,G:\___ One-DVD READY GAMES ___\Thief
Thor God Of Thunder,1DVD,G:\___ One-DVD READY GAMES ___\Thor God Of Thunder
Timeshift,1DVD,G:\___ One-DVD READY GAMES ___\Timeshift
Titanfall (USA Europe) (EnJaFrDeEsItRu),1DVD,G:\___ One-DVD READY GAMES ___\Titanfall (USA Europe) (EnJaFrDeEsItRu)
TMNT (USA) (EnFrDeEsIt),1DVD,G:\___ One-DVD READY GAMES ___\TMNT (USA) (EnFrDeEsIt)
Tom Clancys Ghost Recon Future Soldier,1DVD,G:\___ One-DVD READY GAMES ___\Tom Clancys Ghost Recon Future Soldier
Tom Clancys HAWX,1DVD,G:\___ One-DVD READY GAMES ___\Tom Clancys HAWX
Tom Clancys HAWX 2,1DVD,G:\___ One-DVD READY GAMES ___\Tom Clancys HAWX 2
Tom Clancys Rainbow Six - Vegas (USA Europe) (EnFrDeEsIt),1DVD,G:\___ One-DVD READY GAMES ___\Tom Clancys Rainbow Six - Vegas (USA Europe) (EnFrDeEsIt)
Tom Clancys Rainbow Six - Vegas 2 (USA Europe) (EnFrDeEsIt),1DVD,G:\___ One-DVD READY GAMES ___\Tom Clancys Rainbow Six - Vegas 2 (USA Europe) (EnFrDeEsIt)
Tom Clancy’s Rainbow Six Vegas 2,1DVD,G:\___ One-DVD READY GAMES ___\Tom Clancy’s Rainbow Six Vegas 2
Tomb Raider - Underworld (USA Europe) (EnFrDeEsItNl),1DVD,G:\___ One-DVD READY GAMES ___\Tomb Raider - Underworld (USA Europe) (EnFrDeEsItNl)
Tomb Raider Legend,1DVD,G:\___ One-DVD READY GAMES ___\Tomb Raider Legend
Top Gun Hard Lock,1DVD,G:\___ One-DVD READY GAMES ___\Top Gun Hard Lock
Toy Story 3,1DVD,G:\___ One-DVD READY GAMES ___\Toy Story 3
Toy Story Mania,1DVD,G:\___ One-DVD READY GAMES ___\Toy Story Mania
Transformers,1DVD,G:\___ One-DVD READY GAMES ___\Transformers
Triple Pack - Outland  From Dust  Beyond Good and Evil HD (Europe),1DVD,G:\___ One-DVD READY GAMES ___\Triple Pack - Outland  From Dust  Beyond Good and Evil HD (Europe)
Tron Evolution,1DVD,G:\___ One-DVD READY GAMES ___\Tron Evolution
Tropico 5,1DVD,G:\___ One-DVD READY GAMES ___\Tropico 5
Turbo Super Stunt Squad,1DVD,G:\___ One-DVD READY GAMES ___\Turbo Super Stunt Squad
Turok (USA Europe),1DVD,G:\___ One-DVD READY GAMES ___\Turok (USA Europe)
Ubisoft Triple Pack,1DVD,G:\___ One-DVD READY GAMES ___\Ubisoft Triple Pack
UFC Undisputed 2010,1DVD,G:\___ One-DVD READY GAMES ___\UFC Undisputed 2010
UFC Undisputed 3,1DVD,G:\___ One-DVD READY GAMES ___\UFC Undisputed 3
Ultimate Marvel vs Capcom 3,1DVD,G:\___ One-DVD READY GAMES ___\Ultimate Marvel vs Capcom 3
Up,1DVD,G:\___ One-DVD READY GAMES ___\Up
Vancouver 2010,1DVD,G:\___ One-DVD READY GAMES ___\Vancouver 2010
Vanquish,1DVD,G:\___ One-DVD READY GAMES ___\Vanquish
Venetica,1DVD,G:\___ One-DVD READY GAMES ___\Venetica
Viking Battle for Asgard,1DVD,G:\___ One-DVD READY GAMES ___\Viking Battle for Asgard
Virtua Fighter 5,1DVD,G:\___ One-DVD READY GAMES ___\Virtua Fighter 5
Virtua Tennis 4,1DVD,G:\___ One-DVD READY GAMES ___\Virtua Tennis 4
Wall-E,1DVD,G:\___ One-DVD READY GAMES ___\Wall-E
Warhammer Battle March,1DVD,G:\___ One-DVD READY GAMES ___\Warhammer Battle March
Warhammer.40000.Space.Marine,1DVD,G:\___ One-DVD READY GAMES ___\Warhammer.40000.Space.Marine
Warriors Legends of Troy,1DVD,G:\___ One-DVD READY GAMES ___\Warriors Legends of Troy
Warriors Orochi (USA) (EnFrDe),1DVD,G:\___ One-DVD READY GAMES ___\Warriors Orochi (USA) (EnFrDe)
Warriors Orochi 2 (USA) (EnFrDe),1DVD,G:\___ One-DVD READY GAMES ___\Warriors Orochi 2 (USA) (EnFrDe)
Warriors Orochi 3,1DVD,G:\___ One-DVD READY GAMES ___\Warriors Orochi 3
Watchmen - The End Is Nigh,1DVD,G:\___ One-DVD READY GAMES ___\Watchmen - The End Is Nigh
Way of the Samurai 3,1DVD,G:\___ One-DVD READY GAMES ___\Way of the Samurai 3
WET,1DVD,G:\___ One-DVD READY GAMES ___\WET
Wheelman,1DVD,G:\___ One-DVD READY GAMES ___\Wheelman
Winter Stars,1DVD,G:\___ One-DVD READY GAMES ___\Winter Stars
Wolfenstein (World) (EnFrDeEsItRu),1DVD,G:\___ One-DVD READY GAMES ___\Wolfenstein (World) (EnFrDeEsItRu)
WRC - FIA World Rally Championship 4,1DVD,G:\___ One-DVD READY GAMES ___\WRC - FIA World Rally Championship 4
WRC 3 - World Rally Championship,1DVD,G:\___ One-DVD READY GAMES ___\WRC 3 - World Rally Championship
WRC 4 - FIA World Rally Championship (Europe),1DVD,G:\___ One-DVD READY GAMES ___\WRC 4 - FIA World Rally Championship (Europe)
WWE 2K17,1DVD,G:\___ One-DVD READY GAMES ___\WWE 2K17
WWE All Stars,1DVD,G:\___ One-DVD READY GAMES ___\WWE All Stars
X-Men Destiny,1DVD,G:\___ One-DVD READY GAMES ___\X-Men Destiny
X-Men Origins Wolverine Uncaged Edition,1DVD,G:\___ One-DVD READY GAMES ___\X-Men Origins Wolverine Uncaged Edition
XCOM - Enemy Unknown (USA Europe),1DVD,G:\___ One-DVD READY GAMES ___\XCOM - Enemy Unknown (USA Europe)
XCOM - Enemy Within (USA Europe),1DVD,G:\___ One-DVD READY GAMES ___\XCOM - Enemy Within (USA Europe)
Yaiba Ninja Gaiden,1DVD,G:\___ One-DVD READY GAMES ___\Yaiba Ninja Gaiden
Young Justice Legacy,1DVD,G:\___ One-DVD READY GAMES ___\Young Justice Legacy
Zumba Kids (USA),1DVD,G:\___ One-DVD READY GAMES ___\Zumba Kids (USA)
Alien Isolation (2-DVD),MultiDVD,G:\___ Multi-DVD READY GAMES ___\Alien Isolation (2-DVD)
Assassins Creed IV - Black Flag (2-DVD),MultiDVD,G:\___ Multi-DVD READY GAMES ___\Assassins Creed IV - Black Flag (2-DVD)
Assassin_s_Creed_III(2-DVD),MultiDVD,G:\___ Multi-DVD READY GAMES ___\Assassin_s_Creed_III(2-DVD)
Batman Arkham Origins (2-DVD),MultiDVD,G:\___ Multi-DVD READY GAMES ___\Batman Arkham Origins (2-DVD)
Battlefield 3 (2-DVD),MultiDVD,G:\___ Multi-DVD READY GAMES ___\Battlefield 3 (2-DVD)
Battlefield 4 (2-DVD),MultiDVD,G:\___ Multi-DVD READY GAMES ___\Battlefield 4 (2-DVD)
BioShock Infinite - The Complete Edition (2-DVD),MultiDVD,G:\___ Multi-DVD READY GAMES ___\BioShock Infinite - The Complete Edition (2-DVD)
Borderlands 2 Game Of The Year Edition (2-DVD),MultiDVD,G:\___ Multi-DVD READY GAMES ___\Borderlands 2 Game Of The Year Edition (2-DVD)
Call Of Duty Advanced Warfare (2-DVD),MultiDVD,G:\___ Multi-DVD READY GAMES ___\Call Of Duty Advanced Warfare (2-DVD)
Call Of Duty Ghosts (2-DVD),MultiDVD,G:\___ Multi-DVD READY GAMES ___\Call Of Duty Ghosts (2-DVD)
Castlevania Lords Of Shadow (2-DVD),MultiDVD,G:\___ Multi-DVD READY GAMES ___\Castlevania Lords Of Shadow (2-DVD)
Crew (2-DVD),MultiDVD,G:\___ Multi-DVD READY GAMES ___\Crew (2-DVD)
Dark Soul 2 (2-DVD),MultiDVD,G:\___ Multi-DVD READY GAMES ___\Dark Soul 2 (2-DVD)
Dark Souls II - Scholar of the First Sin (2-DVD),MultiDVD,G:\___ Multi-DVD READY GAMES ___\Dark Souls II - Scholar of the First Sin (2-DVD)
Dead Space 2 (2-DVD),MultiDVD,G:\___ Multi-DVD READY GAMES ___\Dead Space 2 (2-DVD)
Dead Space 3 (2-DVD),MultiDVD,G:\___ Multi-DVD READY GAMES ___\Dead Space 3 (2-DVD)
Deus Ex Human Revolution Directors Cut (2-DVD),MultiDVD,G:\___ Multi-DVD READY GAMES ___\Deus Ex Human Revolution Directors Cut (2-DVD)
Dragon Age - Origins (2-DVD),MultiDVD,G:\___ Multi-DVD READY GAMES ___\Dragon Age - Origins (2-DVD)
Forza Motorsport 3 - Limited Edition (2-DVD),MultiDVD,G:\___ Multi-DVD READY GAMES ___\Forza Motorsport 3 - Limited Edition (2-DVD)
Forza Motorsport 4 GOTY (2-DVD),MultiDVD,G:\___ Multi-DVD READY GAMES ___\Forza Motorsport 4 GOTY (2-DVD)
Grand Theft Auto V (2-DVD),MultiDVD,G:\___ Multi-DVD READY GAMES ___\Grand Theft Auto V (2-DVD)
Halo 3 (2-DVD),MultiDVD,G:\___ Multi-DVD READY GAMES ___\Halo 3 (2-DVD)
Halo 4 (2-DVD),MultiDVD,G:\___ Multi-DVD READY GAMES ___\Halo 4 (2-DVD)
Kinect Nat Geo TV (2-DVD),MultiDVD,G:\___ Multi-DVD READY GAMES ___\Kinect Nat Geo TV (2-DVD)
Kinect Rush A Disney Pixar Adventure (2-DVD),MultiDVD,G:\___ Multi-DVD READY GAMES ___\Kinect Rush A Disney Pixar Adventure (2-DVD)
Mass Effect 2 (2-DVD),MultiDVD,G:\___ Multi-DVD READY GAMES ___\Mass Effect 2 (2-DVD)
Max Payne 3 (2-DVD),MultiDVD,G:\___ Multi-DVD READY GAMES ___\Max Payne 3 (2-DVD)
Medal of Honor - Warfighter (2-DVD),MultiDVD,G:\___ Multi-DVD READY GAMES ___\Medal of Honor - Warfighter (2-DVD)
Metal Gear Solid HD Collection (2-DVD),MultiDVD,G:\___ Multi-DVD READY GAMES ___\Metal Gear Solid HD Collection (2-DVD)
Middle Earth Shadow Murdered (2-DVD),MultiDVD,G:\___ Multi-DVD READY GAMES ___\Middle Earth Shadow Murdered (2-DVD)
Rage (3-DVD),MultiDVD,G:\___ Multi-DVD READY GAMES ___\Rage (3-DVD)
Red Dead Redemption GOTY (2-DVD),MultiDVD,G:\___ Multi-DVD READY GAMES ___\Red Dead Redemption GOTY (2-DVD)
Resident Evil 6 (2-DVD),MultiDVD,G:\___ Multi-DVD READY GAMES ___\Resident Evil 6 (2-DVD)
The Elder Scrolls V Skyrim Legendary Edition (2-DVD),MultiDVD,G:\___ Multi-DVD READY GAMES ___\The Elder Scrolls V Skyrim Legendary Edition (2-DVD)
The Last Remnant (2-DVD),MultiDVD,G:\___ Multi-DVD READY GAMES ___\The Last Remnant (2-DVD)
Watch Dogs (2-DVD),MultiDVD,G:\___ Multi-DVD READY GAMES ___\Watch Dogs (2-DVD)
Witcher 2 - The Assassins of Kings (2-DVD),MultiDVD,G:\___ Multi-DVD READY GAMES ___\Witcher 2 - The Assassins of Kings (2-DVD)
Wolfenstein - The New Order (4-DVD),MultiDVD,G:\___ Multi-DVD READY GAMES ___\Wolfenstein - The New Order (4-DVD)
