GameName,Category,FullPath,SizeBytes
1942 - Joint Strike (XBLA),XBLA,G:\___ XBLA Games ___\1942 - Joint Strike (XBLA),157110272
Amy (XBLA),XBLA,G:\___ XBLA Games ___\Amy (XBLA),1667481600
Ancients of Ooga (XBLA),XBLA,G:\___ XBLA Games ___\Ancients of Ooga (XBLA),66412544
Assassins Creed - Liberation HD (XBLA),XBLA,G:\___ XBLA Games ___\Assassins Creed - Liberation HD (XBLA),1882390528
Assault Heroes (XBLA),XBLA,G:\___ XBLA Games ___\Assault Heroes (XBLA),49913856
Bastion (XBLA),XBLA,G:\___ XBLA Games ___\Bastion (XBLA),585543680
Battlefield 1943 (XBLA),XBLA,G:\___ XBLA Games ___\Battlefield 1943 (XBLA),586448896
Bloodforge (XBLA),XBLA,G:\___ XBLA Games ___\Bloodforge (XBLA),1953099776
Bomberman Live (XBLA),XBLA,G:\___ XBLA Games ___\Bomberman Live (XBLA),46616576
Bridge The (XBLA),XBLA,G:\___ XBLA Games ___\Bridge The (XBLA),306204672
Brothers - A Tale of Two Sons (XBLA),XBLA,G:\___ XBLA Games ___\Brothers - A Tale of Two Sons (XBLA),694673408
Call of Duty - Classic (XBLA),XBLA,G:\___ XBLA Games ___\Call of Duty - Classic (XBLA),834146304
Castle of Illusion Starring Mickey Mouse (XBLA),XBLA,G:\___ XBLA Games ___\Castle of Illusion Starring Mickey Mouse (XBLA),399634432
Child of Light (XBLA),XBLA,G:\___ XBLA Games ___\Child of Light (XBLA),1585451008
Cobalt (XBLA),XBLA,G:\___ XBLA Games ___\Cobalt (XBLA),1249914880
Comix Zone (XBLA),XBLA,G:\___ XBLA Games ___\Comix Zone (XBLA),20553728
Constant C (XBLA),XBLA,G:\___ XBLA Games ___\Constant C (XBLA),243494912
Contra (XBLA),XBLA,G:\___ XBLA Games ___\Contra (XBLA),33992704
Contrast (XBLA),XBLA,G:\___ XBLA Games ___\Contrast (XBLA),1021259776
Crazy Machines Elements (XBLA),XBLA,G:\___ XBLA Games ___\Crazy Machines Elements (XBLA),343764992
Crazy Taxi (XBLA),XBLA,G:\___ XBLA Games ___\Crazy Taxi (XBLA),219045888
Dead Rising 2 - Case Zero (XBLA),XBLA,G:\___ XBLA Games ___\Dead Rising 2 - Case Zero (XBLA),864768000
Deadlight (XBLA),XBLA,G:\___ XBLA Games ___\Deadlight (XBLA),2108321792
Dishwasher The - Dead Samurai (XBLA),XBLA,G:\___ XBLA Games ___\Dishwasher The - Dead Samurai (XBLA),125685760
Dishwasher The - Vampire Smile (XBLA),XBLA,G:\___ XBLA Games ___\Dishwasher The - Vampire Smile (XBLA),159019008
Doom II - Hell on Earth (XBLA),XBLA,G:\___ XBLA Games ___\Doom II - Hell on Earth (XBLA),36155392
DuckTales - Remastered (XBLA),XBLA,G:\___ XBLA Games ___\DuckTales - Remastered (XBLA),682577920
Duke Nukem - Manhattan Project (XBLA),XBLA,G:\___ XBLA Games ___\Duke Nukem - Manhattan Project (XBLA),258633728
Duke Nukem 3D (XBLA),XBLA,G:\___ XBLA Games ___\Duke Nukem 3D (XBLA),88899584
Earthworm Jim HD (XBLA),XBLA,G:\___ XBLA Games ___\Earthworm Jim HD (XBLA),455823360
Far Cry Classic (XBLA),XBLA,G:\___ XBLA Games ___\Far Cry Classic (XBLA),2100092928
Flashback (XBLA),XBLA,G:\___ XBLA Games ___\Flashback (XBLA),2118983680
Fruit Ninja Kinect (XBLA),XBLA,G:\___ XBLA Games ___\Fruit Ninja Kinect (XBLA),146866176
Game Of Thrones Episode 1-5 (XBLA),XBLA,G:\___ XBLA Games ___\Game Of Thrones Episode 1-5 (XBLA),5160939520
Garou - Mark of the Wolves (XBLA),XBLA,G:\___ XBLA Games ___\Garou - Mark of the Wolves (XBLA),154988544
Geometry Wars - Retro Evolved 2 (XBLA),XBLA,G:\___ XBLA Games ___\Geometry Wars - Retro Evolved 2 (XBLA),42266624
Giana Sisters - Twisted Dreams (XBLA),XBLA,G:\___ XBLA Games ___\Giana Sisters - Twisted Dreams (XBLA),1771929600
Girl Fight (XBLA),XBLA,G:\___ XBLA Games ___\Girl Fight (XBLA),1870479360
Goat Simulator - Mmore Goatz Edition (XBLA),XBLA,G:\___ XBLA Games ___\Goat Simulator - Mmore Goatz Edition (XBLA),338120704
Greed Corp (XBLA),XBLA,G:\___ XBLA Games ___\Greed Corp (XBLA),221904896
Guacamelee - Super Turbo Championship Edition (XBLA),XBLA,G:\___ XBLA Games ___\Guacamelee - Super Turbo Championship Edition (XBLA),723496960
Halo - Spartan Assault (XBLA),XBLA,G:\___ XBLA Games ___\Halo - Spartan Assault (XBLA),2341605376
Hardwood Backgammon (XBLA),XBLA,G:\___ XBLA Games ___\Hardwood Backgammon (XBLA),0
How to Survive (XBLA),XBLA,G:\___ XBLA Games ___\How to Survive (XBLA),1505943552
I Am Alive (XBLA),XBLA,G:\___ XBLA Games ___\I Am Alive (XBLA),1996177408
Ikaruga (XBLA),XBLA,G:\___ XBLA Games ___\Ikaruga (XBLA),51728384
Kinect Sports Gems - Ping Pong (XBLA),XBLA,G:\___ XBLA Games ___\Kinect Sports Gems - Ping Pong (XBLA),230903808
Kinect Sports Gems - Reaction Rally (XBLA),XBLA,G:\___ XBLA Games ___\Kinect Sports Gems - Reaction Rally (XBLA),200585216
Lets Sing And Dance (XBLA),XBLA,G:\___ XBLA Games ___\Lets Sing And Dance (XBLA),2001899520
Life is Strange - Episode 1 - Chrysalis (XBLA),XBLA,G:\___ XBLA Games ___\Life is Strange - Episode 1 - Chrysalis (XBLA),1032531968
Lode Runner (XBLA),XBLA,G:\___ XBLA Games ___\Lode Runner (XBLA),76783616
Mars - War Logs (XBLA),XBLA,G:\___ XBLA Games ___\Mars - War Logs (XBLA),1614528512
Max - The Curse of Brotherhood (XBLA),XBLA,G:\___ XBLA Games ___\Max - The Curse of Brotherhood (XBLA),2127466496
Misadventures of PB Winterbottom The (XBLA),XBLA,G:\___ XBLA Games ___\Misadventures of PB Winterbottom The (XBLA),296087552
Monaco - Whats Yours is Mine (XBLA),XBLA,G:\___ XBLA Games ___\Monaco - Whats Yours is Mine (XBLA),413761536
Monkey Island 2 - LeChucks Revenge - Special Edition (XBLA),XBLA,G:\___ XBLA Games ___\Monkey Island 2 - LeChucks Revenge - Special Edition (XBLA),1035112448
Monopoly Deal (XBLA),XBLA,G:\___ XBLA Games ___\Monopoly Deal (XBLA),311431168
Monopoly Plus (XBLA),XBLA,G:\___ XBLA Games ___\Monopoly Plus (XBLA),569049088
Ms. Pac-Man (XBLA),XBLA,G:\___ XBLA Games ___\Ms. Pac-Man (XBLA),12464128
Orcs Must Die (XBLA),XBLA,G:\___ XBLA Games ___\Orcs Must Die (XBLA),1767665664
Pac-Man - Championship Edition (XBLA),XBLA,G:\___ XBLA Games ___\Pac-Man - Championship Edition (XBLA),51916800
Pac-Man - Championship Edition DX (XBLA),XBLA,G:\___ XBLA Games ___\Pac-Man - Championship Edition DX (XBLA),233439232
Pac-Man Museum (XBLA),XBLA,G:\___ XBLA Games ___\Pac-Man Museum (XBLA),240726016
Pinball FX (XBLA),XBLA,G:\___ XBLA Games ___\Pinball FX (XBLA),51965952
Prince of Persia Classic (XBLA),XBLA,G:\___ XBLA Games ___\Prince of Persia Classic (XBLA),52264960
Putty Squad (XBLA),XBLA,G:\___ XBLA Games ___\Putty Squad (XBLA),1452720128
R.I.P.D. - The Game (XBLA),XBLA,G:\___ XBLA Games ___\R.I.P.D. - The Game (XBLA),1289404416
Raven The - Legacy of a Master Thief - Episode 1 - Eye of the Sphinx (XBLA),XBLA,G:\___ XBLA Games ___\Raven The - Legacy of a Master Thief - Episode 1 - Eye of the Sphinx (XBLA),3360849920
Resident Evil - Revelations 2 - Episode 1 - Penal Colony (XBLA),XBLA,G:\___ XBLA Games ___\Resident Evil - Revelations 2 - Episode 1 - Penal Colony (XBLA),1793613824
Sanctum 2 (XBLA),XBLA,G:\___ XBLA Games ___\Sanctum 2 (XBLA),835366912
Sega Rally Online Arcade (XBLA),XBLA,G:\___ XBLA Games ___\Sega Rally Online Arcade (XBLA),1314652160
Sega Vintage Collection - Golden Axe (XBLA),XBLA,G:\___ XBLA Games ___\Sega Vintage Collection - Golden Axe (XBLA),301981696
Sega Vintage Collection - Streets of Rage (XBLA),XBLA,G:\___ XBLA Games ___\Sega Vintage Collection - Streets of Rage (XBLA),299683840
Serious Sam 3 - BFE (XBLA),XBLA,G:\___ XBLA Games ___\Serious Sam 3 - BFE (XBLA),1328066560
Shank (XBLA),XBLA,G:\___ XBLA Games ___\Shank (XBLA),2126336000
Shank 2 (XBLA),XBLA,G:\___ XBLA Games ___\Shank 2 (XBLA),1303126016
Shrek n Roll (XBLA),XBLA,G:\___ XBLA Games ___\Shrek n Roll (XBLA),149139456
Simpsons Arcade Game The (XBLA),XBLA,G:\___ XBLA Games ___\Simpsons Arcade Game The (XBLA),18812928
Sine Mora (XBLA),XBLA,G:\___ XBLA Games ___\Sine Mora (XBLA),943976448
Slender - The Arrival (XBLA),XBLA,G:\___ XBLA Games ___\Slender - The Arrival (XBLA),650121216
Small Arms (XBLA),XBLA,G:\___ XBLA Games ___\Small Arms (XBLA),45744128
Snoopy Flying Ace (XBLA),XBLA,G:\___ XBLA Games ___\Snoopy Flying Ace (XBLA),583036928
Sonic Adventure (XBLA),XBLA,G:\___ XBLA Games ___\Sonic Adventure (XBLA),1603915776
Sonic Adventure 2 (XBLA),XBLA,G:\___ XBLA Games ___\Sonic Adventure 2 (XBLA),2541113465
Sonic and Knuckles (XBLA),XBLA,G:\___ XBLA Games ___\Sonic and Knuckles (XBLA),30482432
Sonic CD (XBLA),XBLA,G:\___ XBLA Games ___\Sonic CD (XBLA),323633152
Sonic the Fighters (XBLA),XBLA,G:\___ XBLA Games ___\Sonic the Fighters (XBLA),101867520
Sonic The Hedgehog (XBLA),XBLA,G:\___ XBLA Games ___\Sonic The Hedgehog (XBLA),30175232
Sonic The Hedgehog 2 (XBLA),XBLA,G:\___ XBLA Games ___\Sonic The Hedgehog 2 (XBLA),30281728
Sonic The Hedgehog 3 (XBLA),XBLA,G:\___ XBLA Games ___\Sonic The Hedgehog 3 (XBLA),20107264
Sonic The Hedgehog 4 - Episode 1 (XBLA),XBLA,G:\___ XBLA Games ___\Sonic The Hedgehog 4 - Episode 1 (XBLA),199815168
Sonic The Hedgehog 4 - Episode 2 (XBLA),XBLA,G:\___ XBLA Games ___\Sonic The Hedgehog 4 - Episode 2 (XBLA),434384896
Spyglass Board Games (XBLA),XBLA,G:\___ XBLA Games ___\Spyglass Board Games (XBLA),47378432
State of Decay (XBLA),XBLA,G:\___ XBLA Games ___\State of Decay (XBLA),1945509888
Street Fighter III - Third Strike - Online Edition (XBLA),XBLA,G:\___ XBLA Games ___\Street Fighter III - Third Strike - Online Edition (XBLA),736362496
Streets of Rage 2 (XBLA),XBLA,G:\___ XBLA Games ___\Streets of Rage 2 (XBLA),28909568
Super Contra (XBLA),XBLA,G:\___ XBLA Games ___\Super Contra (XBLA),45260800
Super Meat Boy (XBLA),XBLA,G:\___ XBLA Games ___\Super Meat Boy (XBLA),113741824
Teenage Mutant Ninja Turtles - 1989 Classic Arcade (XBLA),XBLA,G:\___ XBLA Games ___\Teenage Mutant Ninja Turtles - 1989 Classic Arcade (XBLA),46206976
Teenage Mutant Ninja Turtles - Out of the Shadows (XBLA),XBLA,G:\___ XBLA Games ___\Teenage Mutant Ninja Turtles - Out of the Shadows (XBLA),1916157952
Teenage Mutant Ninja Turtles - Training Lair (XBLA),XBLA,G:\___ XBLA Games ___\Teenage Mutant Ninja Turtles - Training Lair (XBLA),158416896
Teenage Mutant Ninja Turtles - Turtles in Time Re-Shelled (XBLA),XBLA,G:\___ XBLA Games ___\Teenage Mutant Ninja Turtles - Turtles in Time Re-Shelled (XBLA),278016000
The Wolf Among Us E1 (XBLA),XBLA,G:\___ XBLA Games ___\The Wolf Among Us E1 (XBLA),924659933
The Wolf Among Us E2 (XBLA),XBLA,G:\___ XBLA Games ___\The Wolf Among Us E2 (XBLA),675373277
The Wolf Among Us E3 (XBLA),XBLA,G:\___ XBLA Games ___\The Wolf Among Us E3 (XBLA),688946690
Torchlight (XBLA),XBLA,G:\___ XBLA Games ___\Torchlight (XBLA),206135296
Trials Fusion (XBLA),XBLA,G:\___ XBLA Games ___\Trials Fusion (XBLA),1632141312
Truck Racer (XBLA),XBLA,G:\___ XBLA Games ___\Truck Racer (XBLA),1090162688
Ultimate Mortal Kombat 3 (XBLA),XBLA,G:\___ XBLA Games ___\Ultimate Mortal Kombat 3 (XBLA),45686784
UNO Rush (XBLA),XBLA,G:\___ XBLA Games ___\UNO Rush (XBLA),70500352
Valiant Hearts - The Great War (XBLA),XBLA,G:\___ XBLA Games ___\Valiant Hearts - The Great War (XBLA),1340801024
War of the Worlds The (XBLA),XBLA,G:\___ XBLA Games ___\War of the Worlds The (XBLA),1573617664
Way of the Dogg (XBLA),XBLA,G:\___ XBLA Games ___\Way of the Dogg (XBLA),853647360
Wolfenstein 3D (XBLA),XBLA,G:\___ XBLA Games ___\Wolfenstein 3D (XBLA),206274560
Wolfenstein 3D - Stackable (XBLA),XBLA,G:\___ XBLA Games ___\Wolfenstein 3D - Stackable (XBLA),35680256
Worms (XBLA),XBLA,G:\___ XBLA Games ___\Worms (XBLA),44298240
Worms - Ultimate Mayhem (XBLA),XBLA,G:\___ XBLA Games ___\Worms - Ultimate Mayhem (XBLA),871895040
Worms 2 - Armageddon (XBLA),XBLA,G:\___ XBLA Games ___\Worms 2 - Armageddon (XBLA),184967168
Worms Revolution (XBLA),XBLA,G:\___ XBLA Games ___\Worms Revolution (XBLA),500719616
007 - Blood Stone,1DVD,G:\___ One-DVD READY GAMES ___\007 - Blood Stone,7046800382
007 Legends,1DVD,G:\___ One-DVD READY GAMES ___\007 Legends,8201883744
50.Cent.Blood.On.The.Sand,1DVD,G:\___ One-DVD READY GAMES ___\50.Cent.Blood.On.The.Sand,6787197768
Ace.Combat.6.PAL,1DVD,G:\___ One-DVD READY GAMES ___\Ace.Combat.6.PAL,5086824940
Ace.Combat.Assault.Horizon,1DVD,G:\___ One-DVD READY GAMES ___\Ace.Combat.Assault.Horizon,8211503011
Adrenalin Misfits (USA),1DVD,G:\___ One-DVD READY GAMES ___\Adrenalin Misfits (USA),3488869235
Adventure.Time.The.Secret.of.the.Nameless.Kingdom,1DVD,G:\___ One-DVD READY GAMES ___\Adventure.Time.The.Secret.of.the.Nameless.Kingdom,341873598
Air.Conflicts.Secret.Wars,1DVD,G:\___ One-DVD READY GAMES ___\Air.Conflicts.Secret.Wars,2589142907
Air.Conflicts.Vietnam,1DVD,G:\___ One-DVD READY GAMES ___\Air.Conflicts.Vietnam,3582006610
Alan.Wake.XBOX360.iMARS,1DVD,G:\___ One-DVD READY GAMES ___\Alan.Wake.XBOX360.iMARS,6650433471
Alice.Madness.Returns,1DVD,G:\___ One-DVD READY GAMES ___\Alice.Madness.Returns,4755875059
Alien Breed Trilogy (Europe) (EnDe),1DVD,G:\___ One-DVD READY GAMES ___\Alien Breed Trilogy (Europe) (EnDe),1649356246
Alien.Vs.Predator,1DVD,G:\___ One-DVD READY GAMES ___\Alien.Vs.Predator,6530419440
Aliens.Colonial.Marines,1DVD,G:\___ One-DVD READY GAMES ___\Aliens.Colonial.Marines,6732372620
Alone.in.the.Dark,1DVD,G:\___ One-DVD READY GAMES ___\Alone.in.the.Dark,6889220436
Alpha.Protocol,1DVD,G:\___ One-DVD READY GAMES ___\Alpha.Protocol,6231495156
Alvin.and.the.Chipmunks.Chipwrecked,1DVD,G:\___ One-DVD READY GAMES ___\Alvin.and.the.Chipmunks.Chipwrecked,1087385790
Angry Birds Trilogy,1DVD,G:\___ One-DVD READY GAMES ___\Angry Birds Trilogy,1314695397
Angry.Birds.Star.Wars,1DVD,G:\___ One-DVD READY GAMES ___\Angry.Birds.Star.Wars,1368584573
Apache.Air.Assault,1DVD,G:\___ One-DVD READY GAMES ___\Apache.Air.Assault,1471134621
Arcania.The.Complete.Tale,1DVD,G:\___ One-DVD READY GAMES ___\Arcania.The.Complete.Tale,7980036738
Armored.Core.V,1DVD,G:\___ One-DVD READY GAMES ___\Armored.Core.V,3554772094
Army.Of.Two,1DVD,G:\___ One-DVD READY GAMES ___\Army.Of.Two,5345252997
Army.Of.Two.The.40th.Day,1DVD,G:\___ One-DVD READY GAMES ___\Army.Of.Two.The.40th.Day,6450587842
Army.of.Two.The.Devils.Cartel,1DVD,G:\___ One-DVD READY GAMES ___\Army.of.Two.The.Devils.Cartel,7738162567
Assasins.Creed.Brotherhood,1DVD,G:\___ One-DVD READY GAMES ___\Assasins.Creed.Brotherhood,6930067587
Assassins Creed,1DVD,G:\___ One-DVD READY GAMES ___\Assassins Creed,7004522516
Assassins Creed - Revelations (USA Europe) (EnFrDeEsItNlPtSvNoDa),1DVD,G:\___ One-DVD READY GAMES ___\Assassins Creed - Revelations (USA Europe) (EnFrDeEsItNlPtSvNoDa),7865348993
Assassins Creed Rogue [RF],1DVD,G:\___ One-DVD READY GAMES ___\Assassins Creed Rogue [RF],6449680459
Assassins Creed_2007,1DVD,G:\___ One-DVD READY GAMES ___\Assassins Creed_2007,7004522516
Assassins.Creed.2,1DVD,G:\___ One-DVD READY GAMES ___\Assassins.Creed.2,5779919973
Assassins.Creed.Revelations_complex,1DVD,G:\___ One-DVD READY GAMES ___\Assassins.Creed.Revelations_complex,7865348993
Asterix at the Olympic Games (Canada),1DVD,G:\___ One-DVD READY GAMES ___\Asterix at the Olympic Games (Canada),6356542263
Asuras Wrath (World),1DVD,G:\___ One-DVD READY GAMES ___\Asuras Wrath (World),6520903901
Batman.Arkham.Asylum.GOTY,1DVD,G:\___ One-DVD READY GAMES ___\Batman.Arkham.Asylum.GOTY,7120227032
Batman.Arkham.City,1DVD,G:\___ One-DVD READY GAMES ___\Batman.Arkham.City,8170715920
Batman.The.Telltale.Series,1DVD,G:\___ One-DVD READY GAMES ___\Batman.The.Telltale.Series,751370240
Battle vs. Chess (Europe),1DVD,G:\___ One-DVD READY GAMES ___\Battle vs. Chess (Europe),1158356038
Battlefield - Bad Company 2 (USA) (EnFr) (Limited Edition),1DVD,G:\___ One-DVD READY GAMES ___\Battlefield - Bad Company 2 (USA) (EnFr) (Limited Edition),5203465255
Battlefield 2 - Modern Combat (USA),1DVD,G:\___ One-DVD READY GAMES ___\Battlefield 2 - Modern Combat (USA),6794455218
Battlefield.Bad.Company,1DVD,G:\___ One-DVD READY GAMES ___\Battlefield.Bad.Company,6604325984
Battlefield.Hardline,1DVD,G:\___ One-DVD READY GAMES ___\Battlefield.Hardline,7648823772
Battleship,1DVD,G:\___ One-DVD READY GAMES ___\Battleship,3229061950
Ben.10.Galactic.Racing,1DVD,G:\___ One-DVD READY GAMES ___\Ben.10.Galactic.Racing,2323481673
Ben.10.Omniverse,1DVD,G:\___ One-DVD READY GAMES ___\Ben.10.Omniverse,3016446714
Ben.10.Omniverse.2,1DVD,G:\___ One-DVD READY GAMES ___\Ben.10.Omniverse.2,2097228176
Ben.10.Ultimate.Alien.Cosmic.Destruction,1DVD,G:\___ One-DVD READY GAMES ___\Ben.10.Ultimate.Alien.Cosmic.Destruction,5427448194
Binary.Domain,1DVD,G:\___ One-DVD READY GAMES ___\Binary.Domain,7633535264
Bionic.Commando,1DVD,G:\___ One-DVD READY GAMES ___\Bionic.Commando,6984062041
BioShock - Ultimate Rapture Edition (USA) (BioShock - Bonus Content),1DVD,G:\___ One-DVD READY GAMES ___\BioShock - Ultimate Rapture Edition (USA) (BioShock - Bonus Content),2040423003
BioShock - Ultimate Rapture Edition (USA) (BioShock 2 - Bonus Content),1DVD,G:\___ One-DVD READY GAMES ___\BioShock - Ultimate Rapture Edition (USA) (BioShock 2 - Bonus Content),3059085107
BioShock 2 (World) (EnFrEs) (Beta) (2009-11-30),1DVD,G:\___ One-DVD READY GAMES ___\BioShock 2 (World) (EnFrEs) (Beta) (2009-11-30),5907531653
BioShock Infinite - The Complete Edition - Bonus Content Disc (USA),1DVD,G:\___ One-DVD READY GAMES ___\BioShock Infinite - The Complete Edition - Bonus Content Disc (USA),7285324228
BlackSite.Area.51,1DVD,G:\___ One-DVD READY GAMES ___\BlackSite.Area.51,7147975109
Blood Bowl (USA) (EnFrEs),1DVD,G:\___ One-DVD READY GAMES ___\Blood Bowl (USA) (EnFrEs),1286760716
Blood.Drive.XBOX360.CCCLX,1DVD,G:\___ One-DVD READY GAMES ___\Blood.Drive.XBOX360.CCCLX,1788707384
Blur.XBOX360-MARVEL,1DVD,G:\___ One-DVD READY GAMES ___\Blur.XBOX360-MARVEL,5698879959
Body.Count.XBOX360.MARVEL,1DVD,G:\___ One-DVD READY GAMES ___\Body.Count.XBOX360.MARVEL,5911690203
Borderlands.GOTY,1DVD,G:\___ One-DVD READY GAMES ___\Borderlands.GOTY,3515299717
Borderlands.The.Pre.Sequel,1DVD,G:\___ One-DVD READY GAMES ___\Borderlands.The.Pre.Sequel,6357595686
Bound.by.Flame.SPARE,1DVD,G:\___ One-DVD READY GAMES ___\Bound.by.Flame.SPARE,3446880998
Brink,1DVD,G:\___ One-DVD READY GAMES ___\Brink,5926841980
Brothers.in.Arms.Hells.Highway,1DVD,G:\___ One-DVD READY GAMES ___\Brothers.in.Arms.Hells.Highway,5369794253
Brunswick.Pro.Bowling,1DVD,G:\___ One-DVD READY GAMES ___\Brunswick.Pro.Bowling,1601547556
Brutal.Legend,1DVD,G:\___ One-DVD READY GAMES ___\Brutal.Legend,6339887340
BulletStorm,1DVD,G:\___ One-DVD READY GAMES ___\BulletStorm,5250175787
Bully - Scholarship Edition (USA) (EnFrDeEsIt),1DVD,G:\___ One-DVD READY GAMES ___\Bully - Scholarship Edition (USA) (EnFrDeEsIt),3155866949
Burnout.Paradise.The.Ultimate.Box,1DVD,G:\___ One-DVD READY GAMES ___\Burnout.Paradise.The.Ultimate.Box,3455147638
Call of Duty - Black Ops II (World),1DVD,G:\___ One-DVD READY GAMES ___\Call of Duty - Black Ops II (World),7919429435
Call of Duty - Black Ops III (USA Europe) (EnFrDeEsItPtPlRu),1DVD,G:\___ One-DVD READY GAMES ___\Call of Duty - Black Ops III (USA Europe) (EnFrDeEsItPtPlRu),4075143943
Call of Duty - Modern Warfare 3 (USA Europe),1DVD,G:\___ One-DVD READY GAMES ___\Call of Duty - Modern Warfare 3 (USA Europe),8007808953
Call of Duty - World at War (USA Europe),1DVD,G:\___ One-DVD READY GAMES ___\Call of Duty - World at War (USA Europe),6792990744
Call of Duty 2 (USA Europe),1DVD,G:\___ One-DVD READY GAMES ___\Call of Duty 2 (USA Europe),5586601753
Call of Duty 3 (USA Europe),1DVD,G:\___ One-DVD READY GAMES ___\Call of Duty 3 (USA Europe),6190037625
Call Of Duty 4 Modern Warfare,1DVD,G:\___ One-DVD READY GAMES ___\Call Of Duty 4 Modern Warfare,6935719846
Call Of Duty Black Ops,1DVD,G:\___ One-DVD READY GAMES ___\Call Of Duty Black Ops,7265640548
Call Of Duty Black Ops 2,1DVD,G:\___ One-DVD READY GAMES ___\Call Of Duty Black Ops 2,7919429435
Call Of Duty Modern Warfare 3,1DVD,G:\___ One-DVD READY GAMES ___\Call Of Duty Modern Warfare 3,8007808953
Call.Of.Duty.Black.Ops.III,1DVD,G:\___ One-DVD READY GAMES ___\Call.Of.Duty.Black.Ops.III,4075143943
Call.Of.Juarez.Bound.In.Blood,1DVD,G:\___ One-DVD READY GAMES ___\Call.Of.Juarez.Bound.In.Blood,4668918048
Call.of.Juarez.The.Cartel,1DVD,G:\___ One-DVD READY GAMES ___\Call.of.Juarez.The.Cartel,6497697598
Call_Of_Duty_World_At_War,1DVD,G:\___ One-DVD READY GAMES ___\Call_Of_Duty_World_At_War,5915881204
Capcom.Digital.Collection,1DVD,G:\___ One-DVD READY GAMES ___\Capcom.Digital.Collection,2759775956
Capitan.America.Super.Solder,1DVD,G:\___ One-DVD READY GAMES ___\Capitan.America.Super.Solder,6355749322
Carrier.Command.Gaea.Mission,1DVD,G:\___ One-DVD READY GAMES ___\Carrier.Command.Gaea.Mission,1817082757
Cars.2,1DVD,G:\___ One-DVD READY GAMES ___\Cars.2,3062366528
Cars.3.Driven.to.Win,1DVD,G:\___ One-DVD READY GAMES ___\Cars.3.Driven.to.Win,2826108752
Cartoon.Network.Punch.Time.Explosion,1DVD,G:\___ One-DVD READY GAMES ___\Cartoon.Network.Punch.Time.Explosion,3291700129
Castlevania - Lords of Shadow 2 (USA) (EnFrDeEsItPt),1DVD,G:\___ One-DVD READY GAMES ___\Castlevania - Lords of Shadow 2 (USA) (EnFrDeEsItPt),4311816559
Child.of.Eden,1DVD,G:\___ One-DVD READY GAMES ___\Child.of.Eden,2429387622
Chronicles of Narnia The - Prince Caspian (Europe) (EnFrEs),1DVD,G:\___ One-DVD READY GAMES ___\Chronicles of Narnia The - Prince Caspian (Europe) (EnFrEs),6929144208
Chronicles.of.Riddick.Assault.on.Dark.Athena,1DVD,G:\___ One-DVD READY GAMES ___\Chronicles.of.Riddick.Assault.on.Dark.Athena,7189197220
Clash.Of.The.Titans,1DVD,G:\___ One-DVD READY GAMES ___\Clash.Of.The.Titans,4258677532
Cloudy.With.A.Chance.Of.Meatballs,1DVD,G:\___ One-DVD READY GAMES ___\Cloudy.With.A.Chance.Of.Meatballs,3846580099
Command.and.Conquer.3.Kanes.Wrath,1DVD,G:\___ One-DVD READY GAMES ___\Command.and.Conquer.3.Kanes.Wrath,3303122931
Compilation Disc - DJ Hero and Band Hero and Guitar Hero 5 and Guitar Hero - Greatest Hits (Europe),1DVD,G:\___ One-DVD READY GAMES ___\Compilation Disc - DJ Hero and Band Hero and Guitar Hero 5 and Guitar Hero - Greatest Hits (Europe),2767424562
Complex Dark,1DVD,G:\___ One-DVD READY GAMES ___\Complex Dark,5548352642
Condemned.2.Bloodshot,1DVD,G:\___ One-DVD READY GAMES ___\Condemned.2.Bloodshot,7279317482
Crash - Mind over Mutant (USA) (EnFrDeEsItNlSvNoDaFi),1DVD,G:\___ One-DVD READY GAMES ___\Crash - Mind over Mutant (USA) (EnFrDeEsItNlSvNoDaFi),6398011435
Crash of the Titans,1DVD,G:\___ One-DVD READY GAMES ___\Crash of the Titans,3226551472
Crash.Time.4.The.Syndicate,1DVD,G:\___ One-DVD READY GAMES ___\Crash.Time.4.The.Syndicate,1306058775
Crysis 2 (World) (EnFr),1DVD,G:\___ One-DVD READY GAMES ___\Crysis 2 (World) (EnFr),5844095279
Crysis 3 (USA Europe) (EnFr),1DVD,G:\___ One-DVD READY GAMES ___\Crysis 3 (USA Europe) (EnFr),5309776628
Damnation,1DVD,G:\___ One-DVD READY GAMES ___\Damnation,6586038913
Dantes Inferno,1DVD,G:\___ One-DVD READY GAMES ___\Dantes Inferno,5902841177
Dark Souls II (World) (EnJaFrDeEsItZhKoPlRu),1DVD,G:\___ One-DVD READY GAMES ___\Dark Souls II (World) (EnJaFrDeEsItZhKoPlRu),6119634827
Dark Souls Prepare To Die Edition,1DVD,G:\___ One-DVD READY GAMES ___\Dark Souls Prepare To Die Edition,4268447805
Darkness The (USA Europe) (EnFrDeEsIt),1DVD,G:\___ One-DVD READY GAMES ___\Darkness The (USA Europe) (EnFrDeEsIt),7230318411
Darksiders (USA) (EnFrEs),1DVD,G:\___ One-DVD READY GAMES ___\Darksiders (USA) (EnFrEs),6854370628
Darksiders II,1DVD,G:\___ One-DVD READY GAMES ___\Darksiders II,7639508779
Dead Island Riptide,1DVD,G:\___ One-DVD READY GAMES ___\Dead Island Riptide,3643138199
Dead Rising (USA),1DVD,G:\___ One-DVD READY GAMES ___\Dead Rising (USA),6334269033
Dead Space (USA Asia) (EnFrEs),1DVD,G:\___ One-DVD READY GAMES ___\Dead Space (USA Asia) (EnFrEs),6840862836
Dead to Rights Retribution,1DVD,G:\___ One-DVD READY GAMES ___\Dead to Rights Retribution,6428112752
Deadfall Adventures (USA Europe),1DVD,G:\___ One-DVD READY GAMES ___\Deadfall Adventures (USA Europe),3177459178
Deadliest Warrior Ancient Combat,1DVD,G:\___ One-DVD READY GAMES ___\Deadliest Warrior Ancient Combat,2017554481
deBlob 2,1DVD,G:\___ One-DVD READY GAMES ___\deBlob 2,6323486541
Destiny (World),1DVD,G:\___ One-DVD READY GAMES ___\Destiny (World),7213601176
Destroy All Humans Path of the Furon (USA),1DVD,G:\___ One-DVD READY GAMES ___\Destroy All Humans Path of the Furon (USA),6031376124
Devil May Cry,1DVD,G:\___ One-DVD READY GAMES ___\Devil May Cry,7017473721
Devil May Cry HD Collection,1DVD,G:\___ One-DVD READY GAMES ___\Devil May Cry HD Collection,7084207384
Digimon All Star Rumble,1DVD,G:\___ One-DVD READY GAMES ___\Digimon All Star Rumble,418499928
Dirt 2,1DVD,G:\___ One-DVD READY GAMES ___\Dirt 2,6862592928
Dirt 3,1DVD,G:\___ One-DVD READY GAMES ___\Dirt 3,7002301436
Dirt Showdown,1DVD,G:\___ One-DVD READY GAMES ___\Dirt Showdown,4354412544
Dishonored,1DVD,G:\___ One-DVD READY GAMES ___\Dishonored,4603723751
Disney Epic Mickey 2 - The Power of Two (USA Europe) (EnFrEsNlPt),1DVD,G:\___ One-DVD READY GAMES ___\Disney Epic Mickey 2 - The Power of Two (USA Europe) (EnFrEsNlPt),6876628832
Disney Infinity 2.0 Edition (USA) (EnFrEsPt),1DVD,G:\___ One-DVD READY GAMES ___\Disney Infinity 2.0 Edition (USA) (EnFrEsPt),6840303979
Disney Infinity 3.0 Edition (USA) (EnFrEs),1DVD,G:\___ One-DVD READY GAMES ___\Disney Infinity 3.0 Edition (USA) (EnFrEs),7783677056
Disney Pirates of the Caribbean - At Worlds End (USA) (EnFrDeEsItNl),1DVD,G:\___ One-DVD READY GAMES ___\Disney Pirates of the Caribbean - At Worlds End (USA) (EnFrDeEsItNl),6829225920
Disney Universe,1DVD,G:\___ One-DVD READY GAMES ___\Disney Universe,5970598816
Disney-Pixar Brave (USA),1DVD,G:\___ One-DVD READY GAMES ___\Disney-Pixar Brave (USA),2500549257
Disney.Bolt,1DVD,G:\___ One-DVD READY GAMES ___\Disney.Bolt,5662428336
Doom 3 BFG Edition,1DVD,G:\___ One-DVD READY GAMES ___\Doom 3 BFG Edition,7612222360
Dragon Age 2,1DVD,G:\___ One-DVD READY GAMES ___\Dragon Age 2,6418381426
Dragon Ball Xenoverse (USA),1DVD,G:\___ One-DVD READY GAMES ___\Dragon Ball Xenoverse (USA),6826806302
Dragonball Z Battle Of Z,1DVD,G:\___ One-DVD READY GAMES ___\Dragonball Z Battle Of Z,3094640534
Dreamcast Collection (USA Europe),1DVD,G:\___ One-DVD READY GAMES ___\Dreamcast Collection (USA Europe),3976276944
DreamWorks How to Train Your Dragon (USA),1DVD,G:\___ One-DVD READY GAMES ___\DreamWorks How to Train Your Dragon (USA),4352218704
DreamWorks Megamind - Ultimate Showdown (USA Europe),1DVD,G:\___ One-DVD READY GAMES ___\DreamWorks Megamind - Ultimate Showdown (USA Europe),2431516481
Dreamworks Super Star Kartz,1DVD,G:\___ One-DVD READY GAMES ___\Dreamworks Super Star Kartz,1439572503
Driver San Francisco,1DVD,G:\___ One-DVD READY GAMES ___\Driver San Francisco,6806385672
Duck Dynasty,1DVD,G:\___ One-DVD READY GAMES ___\Duck Dynasty,4994514352
Dungeon Siege 3,1DVD,G:\___ One-DVD READY GAMES ___\Dungeon Siege 3,4619212762
Dynasty Warriors - Gundam,1DVD,G:\___ One-DVD READY GAMES ___\Dynasty Warriors - Gundam,4412723189
Dynasty Warriors - Gundam 2,1DVD,G:\___ One-DVD READY GAMES ___\Dynasty Warriors - Gundam 2,7115967297
Dynasty Warriors - Gundam 3,1DVD,G:\___ One-DVD READY GAMES ___\Dynasty Warriors - Gundam 3,5826016688
Dynasty Warriors - Strikeforce,1DVD,G:\___ One-DVD READY GAMES ___\Dynasty Warriors - Strikeforce,4909416855
Dynasty Warriors 5 - Empires,1DVD,G:\___ One-DVD READY GAMES ___\Dynasty Warriors 5 - Empires,4049995512
Dynasty Warriors 6,1DVD,G:\___ One-DVD READY GAMES ___\Dynasty Warriors 6,7188859437
Dynasty Warriors 6 - Empires,1DVD,G:\___ One-DVD READY GAMES ___\Dynasty Warriors 6 - Empires,5991214734
Dynasty Warriors 7,1DVD,G:\___ One-DVD READY GAMES ___\Dynasty Warriors 7,6190348032
Dynasty Warriors 8,1DVD,G:\___ One-DVD READY GAMES ___\Dynasty Warriors 8,7827850829
EA SPORTS MMA,1DVD,G:\___ One-DVD READY GAMES ___\EA SPORTS MMA,6754709524
EA Sports NBA Jam,1DVD,G:\___ One-DVD READY GAMES ___\EA Sports NBA Jam,1302220867
Earth Defense Force Insect Armageddon,1DVD,G:\___ One-DVD READY GAMES ___\Earth Defense Force Insect Armageddon,4857058787
Enemy Front X-PROTOCOL,1DVD,G:\___ One-DVD READY GAMES ___\Enemy Front X-PROTOCOL,5111912087
Enslaved Odyssey to the West,1DVD,G:\___ One-DVD READY GAMES ___\Enslaved Odyssey to the West,5236833114
Escape Dead Island,1DVD,G:\___ One-DVD READY GAMES ___\Escape Dead Island,6225240928
Evil Within The (USA),1DVD,G:\___ One-DVD READY GAMES ___\Evil Within The (USA),7376752843
F.E.A.R. 2 - Project Origin (USA) (EnFrDeEsIt)_2,1DVD,G:\___ One-DVD READY GAMES ___\F.E.A.R. 2 - Project Origin (USA) (EnFrDeEsIt)_2,4489484501
F.E.A.R. 3 (USA Europe) (EnJaFrDeEsItPtKoPlRu),1DVD,G:\___ One-DVD READY GAMES ___\F.E.A.R. 3 (USA Europe) (EnJaFrDeEsItPtKoPlRu),6422471302
F.E.A.R. Files (USA Europe) (EnFrEsIt),1DVD,G:\___ One-DVD READY GAMES ___\F.E.A.R. Files (USA Europe) (EnFrEsIt),6627720873
Fable Anniversary (USA Europe) (EnFrEsPt),1DVD,G:\___ One-DVD READY GAMES ___\Fable Anniversary (USA Europe) (EnFrEsPt),4959792576
Fable II (USA Europe) (EnZhKoPlCsHu),1DVD,G:\___ One-DVD READY GAMES ___\Fable II (USA Europe) (EnZhKoPlCsHu),7033019961
Fable III (USA Europe) (EnZhKoPlRuCsHuSk)_2,1DVD,G:\___ One-DVD READY GAMES ___\Fable III (USA Europe) (EnZhKoPlRuCsHuSk)_2,5967636603
Far Cry 2 (USA Europe) (EnFrDeEsIt),1DVD,G:\___ One-DVD READY GAMES ___\Far Cry 2 (USA Europe) (EnFrDeEsIt),3851484310
Far Cry 3 (USA Europe) (EnFrDeEsItNlPtSvNoDa),1DVD,G:\___ One-DVD READY GAMES ___\Far Cry 3 (USA Europe) (EnFrDeEsItNlPtSvNoDa),6095999555
Far Cry 4 (USA),1DVD,G:\___ One-DVD READY GAMES ___\Far Cry 4 (USA),7141279975
Farming Simulator 15,1DVD,G:\___ One-DVD READY GAMES ___\Farming Simulator 15,429041133
Fast and Furious Showdown,1DVD,G:\___ One-DVD READY GAMES ___\Fast and Furious Showdown,1772459554
FIFA 19 - Legacy Edition (Europe) (EnDeIt),1DVD,G:\___ One-DVD READY GAMES ___\FIFA 19 - Legacy Edition (Europe) (EnDeIt),6646475106
Fifa Street,1DVD,G:\___ One-DVD READY GAMES ___\Fifa Street,4647809194
Fight Night Champion,1DVD,G:\___ One-DVD READY GAMES ___\Fight Night Champion,5712918100
Fighters Uncaged,1DVD,G:\___ One-DVD READY GAMES ___\Fighters Uncaged,2781720186
Final Fantasy XI - Online - Wings of the Goddess Expansion Pack (USA),1DVD,G:\___ One-DVD READY GAMES ___\Final Fantasy XI - Online - Wings of the Goddess Expansion Pack (USA),2969946539
Final Fantasy XI - Seekers of Adoulin (USA),1DVD,G:\___ One-DVD READY GAMES ___\Final Fantasy XI - Seekers of Adoulin (USA),3020627289
Final Fantasy XIII-2 (USA),1DVD,G:\___ One-DVD READY GAMES ___\Final Fantasy XIII-2 (USA),8089659579
Forza Horizon,1DVD,G:\___ One-DVD READY GAMES ___\Forza Horizon,7528888587
Frontlines Fuel Of War,1DVD,G:\___ One-DVD READY GAMES ___\Frontlines Fuel Of War,6716062657
FUSE,1DVD,G:\___ One-DVD READY GAMES ___\FUSE,5520332876
G.I.JOE The Rise Of Cobra,1DVD,G:\___ One-DVD READY GAMES ___\G.I.JOE The Rise Of Cobra,6429575274
Game Party In Motion,1DVD,G:\___ One-DVD READY GAMES ___\Game Party In Motion,1691846644
Gears of War,1DVD,G:\___ One-DVD READY GAMES ___\Gears of War,6691248444
Gears Of War 2,1DVD,G:\___ One-DVD READY GAMES ___\Gears Of War 2,6710430631
Gears Of War 3,1DVD,G:\___ One-DVD READY GAMES ___\Gears Of War 3,7823187539
Gears of War Judgment,1DVD,G:\___ One-DVD READY GAMES ___\Gears of War Judgment,7460507796
Generator Rex Agent of Providence,1DVD,G:\___ One-DVD READY GAMES ___\Generator Rex Agent of Providence,3922300919
Genesis.Ultimate.Collection,1DVD,G:\___ One-DVD READY GAMES ___\Genesis.Ultimate.Collection,719433435
Ghost Recon Advanced Warfighter 2,1DVD,G:\___ One-DVD READY GAMES ___\Ghost Recon Advanced Warfighter 2,7221088316
Godfather The (USA),1DVD,G:\___ One-DVD READY GAMES ___\Godfather The (USA),6078120984
GoldenEye 007 - Reloaded (USA Europe) (EnFrDeEsIt),1DVD,G:\___ One-DVD READY GAMES ___\GoldenEye 007 - Reloaded (USA Europe) (EnFrDeEsIt),7993948288
Grand Slam Tennis 2,1DVD,G:\___ One-DVD READY GAMES ___\Grand Slam Tennis 2,2352720708
Grand Theft Auto - Episodes from Liberty City (USA Europe) (EnFrDeEsIt),1DVD,G:\___ One-DVD READY GAMES ___\Grand Theft Auto - Episodes from Liberty City (USA Europe) (EnFrDeEsIt),7060290999
Grand Theft Auto - San Andreas (USA) (EnFrDeEsIt),1DVD,G:\___ One-DVD READY GAMES ___\Grand Theft Auto - San Andreas (USA) (EnFrDeEsIt),2190123158
Grand Theft Auto IV (USA) (EnFrDeEsIt),1DVD,G:\___ One-DVD READY GAMES ___\Grand Theft Auto IV (USA) (EnFrDeEsIt),6948794324
Green Lantern Rise of the Manhunters,1DVD,G:\___ One-DVD READY GAMES ___\Green Lantern Rise of the Manhunters,3602346061
Greg Hastings Paintball 2,1DVD,G:\___ One-DVD READY GAMES ___\Greg Hastings Paintball 2,3476072556
GRID 2,1DVD,G:\___ One-DVD READY GAMES ___\GRID 2,5787082381
GRID Autosport,1DVD,G:\___ One-DVD READY GAMES ___\GRID Autosport,7214241638
Guitar Hero 3 Legends of Rock,1DVD,G:\___ One-DVD READY GAMES ___\Guitar Hero 3 Legends of Rock,3605237284
Guitar Hero 5,1DVD,G:\___ One-DVD READY GAMES ___\Guitar Hero 5,5631092360
Guitar Hero Aerosmith,1DVD,G:\___ One-DVD READY GAMES ___\Guitar Hero Aerosmith,4666046318
Halo Reach,1DVD,G:\___ One-DVD READY GAMES ___\Halo Reach,7018767911
Halo Wars (USA),1DVD,G:\___ One-DVD READY GAMES ___\Halo Wars (USA),6041945272
Happy Feet Two,1DVD,G:\___ One-DVD READY GAMES ___\Happy Feet Two,2085293042
Harry Potter and the Deathly Hallows - Part 1,1DVD,G:\___ One-DVD READY GAMES ___\Harry Potter and the Deathly Hallows - Part 1,6845974125
Harry Potter and the Deathly Hallows - Part 2 (USA) (EnFrDeEsIt),1DVD,G:\___ One-DVD READY GAMES ___\Harry Potter and the Deathly Hallows - Part 2 (USA) (EnFrDeEsIt),5462949766
Harry Potter And The Half Blood Prince,1DVD,G:\___ One-DVD READY GAMES ___\Harry Potter And The Half Blood Prince,4484436643
Harry Potter and the Order of the Phoenix (USA),1DVD,G:\___ One-DVD READY GAMES ___\Harry Potter and the Order of the Phoenix (USA),4838362561
Harry Potter for Kinect (USA Europe),1DVD,G:\___ One-DVD READY GAMES ___\Harry Potter for Kinect (USA Europe),3746291904
Hellboy - The Science of Evil (USA Europe) (EnFrDeEsIt),1DVD,G:\___ One-DVD READY GAMES ___\Hellboy - The Science of Evil (USA Europe) (EnFrDeEsIt),4918605112
Hip Hop Dance Experience The (USA Europe),1DVD,G:\___ One-DVD READY GAMES ___\Hip Hop Dance Experience The (USA Europe),3758129977
Hitman - Blood Money,1DVD,G:\___ One-DVD READY GAMES ___\Hitman - Blood Money,5281338464
Hitman.Absolution,1DVD,G:\___ One-DVD READY GAMES ___\Hitman.Absolution,7477303170
Hitman.HD.Trilogy,1DVD,G:\___ One-DVD READY GAMES ___\Hitman.HD.Trilogy,3179326434
Homefront (USA Europe),1DVD,G:\___ One-DVD READY GAMES ___\Homefront (USA Europe),6301612195
Hot Wheels - Worlds Best Driver,1DVD,G:\___ One-DVD READY GAMES ___\Hot Wheels - Worlds Best Driver,3554813472
Ice Age - Continental Drift - Arctic Games (USA),1DVD,G:\___ One-DVD READY GAMES ___\Ice Age - Continental Drift - Arctic Games (USA),1946777856
Ice Age 3 - Dawn of the Dinosaurs,1DVD,G:\___ One-DVD READY GAMES ___\Ice Age 3 - Dawn of the Dinosaurs,4476078315
Incredible Hulk The (USA) (EnFr),1DVD,G:\___ One-DVD READY GAMES ___\Incredible Hulk The (USA) (EnFr),4318171616
Injustice Gods Among Us - Ultimate Edition,1DVD,G:\___ One-DVD READY GAMES ___\Injustice Gods Among Us - Ultimate Edition,8165351708
Inversion,1DVD,G:\___ One-DVD READY GAMES ___\Inversion,3155903525
Iron Man 2,1DVD,G:\___ One-DVD READY GAMES ___\Iron Man 2,6388297312
Iron Sky Invasion,1DVD,G:\___ One-DVD READY GAMES ___\Iron Sky Invasion,835620719
JASF Janes Advanced Strike Fighters,1DVD,G:\___ One-DVD READY GAMES ___\JASF Janes Advanced Strike Fighters,1219496784
Juiced 2 - Hot Import Nights,1DVD,G:\___ One-DVD READY GAMES ___\Juiced 2 - Hot Import Nights,5473559010
Jumper - Griffins Story (USA Europe),1DVD,G:\___ One-DVD READY GAMES ___\Jumper - Griffins Story (USA Europe),2318619846
Jurassic Park - The Game (USA),1DVD,G:\___ One-DVD READY GAMES ___\Jurassic Park - The Game (USA),1669044059
Just Cause 2,1DVD,G:\___ One-DVD READY GAMES ___\Just Cause 2,4326845224
Just Dance 2019,1DVD,G:\___ One-DVD READY GAMES ___\Just Dance 2019,7894886020
Kane and Lynch - Dead Men (World) (EnFrDeEsIt),1DVD,G:\___ One-DVD READY GAMES ___\Kane and Lynch - Dead Men (World) (EnFrDeEsIt),5853933558
Kane And Lynch 2 - Dog Days,1DVD,G:\___ One-DVD READY GAMES ___\Kane And Lynch 2 - Dog Days,6289258658
Kinect Adventures,1DVD,G:\___ One-DVD READY GAMES ___\Kinect Adventures,4696662994
Kinect Joy Ride,1DVD,G:\___ One-DVD READY GAMES ___\Kinect Joy Ride,1509594154
Kinect Sports,1DVD,G:\___ One-DVD READY GAMES ___\Kinect Sports,3477710871
Kinect Sports Season Two,1DVD,G:\___ One-DVD READY GAMES ___\Kinect Sports Season Two,5967670361
Kinect.Star.Wars,1DVD,G:\___ One-DVD READY GAMES ___\Kinect.Star.Wars,7486520380
Kingdoms of Amalur Reckoning,1DVD,G:\___ One-DVD READY GAMES ___\Kingdoms of Amalur Reckoning,6101930198
Kins Quest The Complete Collection [RF],1DVD,G:\___ One-DVD READY GAMES ___\Kins Quest The Complete Collection [RF],3206318053
Knights Contract,1DVD,G:\___ One-DVD READY GAMES ___\Knights Contract,6847980757
Kung-Fu High Impact,1DVD,G:\___ One-DVD READY GAMES ___\Kung-Fu High Impact,2179323570
Kung-Fu Panda - Showdown of Legendary Legends,1DVD,G:\___ One-DVD READY GAMES ___\Kung-Fu Panda - Showdown of Legendary Legends,1432526352
Kung-Fu Panda 2,1DVD,G:\___ One-DVD READY GAMES ___\Kung-Fu Panda 2,3435569046
Le Tour De France 2014,1DVD,G:\___ One-DVD READY GAMES ___\Le Tour De France 2014,4739862774
Left 4 Dead - Game of the Year Edition (USA),1DVD,G:\___ One-DVD READY GAMES ___\Left 4 Dead - Game of the Year Edition (USA),4032000946
Left-4-Dead 2,1DVD,G:\___ One-DVD READY GAMES ___\Left-4-Dead 2,4649801229
Legend of the Guardians - The Owls of GaHoole (USA Europe),1DVD,G:\___ One-DVD READY GAMES ___\Legend of the Guardians - The Owls of GaHoole (USA Europe),2495787292
LEGO Avengers,1DVD,G:\___ One-DVD READY GAMES ___\LEGO Avengers,6496907981
LEGO Batman 2 - DC Super Heroes,1DVD,G:\___ One-DVD READY GAMES ___\LEGO Batman 2 - DC Super Heroes,4387968210
LEGO Dimensions,1DVD,G:\___ One-DVD READY GAMES ___\LEGO Dimensions,7550570960
LEGO Harry Potter - Years 1-4,1DVD,G:\___ One-DVD READY GAMES ___\LEGO Harry Potter - Years 1-4,6742625777
LEGO Indiana Jones - The Original Adventures,1DVD,G:\___ One-DVD READY GAMES ___\LEGO Indiana Jones - The Original Adventures,3762912581
LEGO Jurassic World,1DVD,G:\___ One-DVD READY GAMES ___\LEGO Jurassic World,7142611545
LEGO Marvel Super Heroes,1DVD,G:\___ One-DVD READY GAMES ___\LEGO Marvel Super Heroes,5499056969
LEGO Rock Band,1DVD,G:\___ One-DVD READY GAMES ___\LEGO Rock Band,5608912649
LEGO Star Wars III - The Clone Wars,1DVD,G:\___ One-DVD READY GAMES ___\LEGO Star Wars III - The Clone Wars,6425180802
LEGO The Hobbit,1DVD,G:\___ One-DVD READY GAMES ___\LEGO The Hobbit,6167446969
LEGO The Lord of the Rings,1DVD,G:\___ One-DVD READY GAMES ___\LEGO The Lord of the Rings,6275143419
London 2012,1DVD,G:\___ One-DVD READY GAMES ___\London 2012,6369019804
Lord of the Rings - Conquest,1DVD,G:\___ One-DVD READY GAMES ___\Lord of the Rings - Conquest,5775221261
Lost Planet - Extreme Condition (USA Europe) (EnJaFrDeEsItKo),1DVD,G:\___ One-DVD READY GAMES ___\Lost Planet - Extreme Condition (USA Europe) (EnJaFrDeEsItKo),7288546552
Lost Planet - Extreme Condition - Colonies Edition (World) (EnJaFrDeEsItKo),1DVD,G:\___ One-DVD READY GAMES ___\Lost Planet - Extreme Condition - Colonies Edition (World) (EnJaFrDeEsItKo),7065740447
Lost Planet 2,1DVD,G:\___ One-DVD READY GAMES ___\Lost Planet 2,7112178200
Lost Planet 3 (World) (EnJaFrDeEsItPtPlRu),1DVD,G:\___ One-DVD READY GAMES ___\Lost Planet 3 (World) (EnJaFrDeEsItPtPlRu),7498133714
Lost Via Domus,1DVD,G:\___ One-DVD READY GAMES ___\Lost Via Domus,4221129278
Madagascar - Escape 2 Africa,1DVD,G:\___ One-DVD READY GAMES ___\Madagascar - Escape 2 Africa,5113378008
Madagascar 3,1DVD,G:\___ One-DVD READY GAMES ___\Madagascar 3,4157514036
Madagascar Kartz,1DVD,G:\___ One-DVD READY GAMES ___\Madagascar Kartz,2666701090
Majin and the Forsaken Kingdom,1DVD,G:\___ One-DVD READY GAMES ___\Majin and the Forsaken Kingdom,2347935680
Marvel Avengers Battle For Earth,1DVD,G:\___ One-DVD READY GAMES ___\Marvel Avengers Battle For Earth,2595030586
Marvel Ultimate Alliance 2,1DVD,G:\___ One-DVD READY GAMES ___\Marvel Ultimate Alliance 2,7071545235
Mass Effect (USA Europe) (EnFrDeEsItPtPl) (Bonus Content Disc) (Rerelease),1DVD,G:\___ One-DVD READY GAMES ___\Mass Effect (USA Europe) (EnFrDeEsItPtPl) (Bonus Content Disc) (Rerelease),7157801357
Mayhem 3D,1DVD,G:\___ One-DVD READY GAMES ___\Mayhem 3D,541851130
Medal Of Honor Airborne,1DVD,G:\___ One-DVD READY GAMES ___\Medal Of Honor Airborne,6335248882
Medal Of Honor Limited Edition,1DVD,G:\___ One-DVD READY GAMES ___\Medal Of Honor Limited Edition,5886955576
Megamind - Ultimate Showdown,1DVD,G:\___ One-DVD READY GAMES ___\Megamind - Ultimate Showdown,2431516481
Men In Black - Alien Crisis,1DVD,G:\___ One-DVD READY GAMES ___\Men In Black - Alien Crisis,6817063592
Metal Gear Rising Revengence,1DVD,G:\___ One-DVD READY GAMES ___\Metal Gear Rising Revengence,7846254355
Metro - Last Light (USA Korea) (EnFrDeEsItNlPlRuCs),1DVD,G:\___ One-DVD READY GAMES ___\Metro - Last Light (USA Korea) (EnFrDeEsItNlPlRuCs),6369767625
Metro 2033,1DVD,G:\___ One-DVD READY GAMES ___\Metro 2033,5779297593
Micheal Jackson - The Experience,1DVD,G:\___ One-DVD READY GAMES ___\Micheal Jackson - The Experience,5291536918
Mindjack,1DVD,G:\___ One-DVD READY GAMES ___\Mindjack,3526340326
Minecraft,1DVD,G:\___ One-DVD READY GAMES ___\Minecraft,174898263
Mini Ninjas,1DVD,G:\___ One-DVD READY GAMES ___\Mini Ninjas,5939614429
Mirrors Edge,1DVD,G:\___ One-DVD READY GAMES ___\Mirrors Edge,5915881204
Monopoly (USA Europe),1DVD,G:\___ One-DVD READY GAMES ___\Monopoly (USA Europe),1943362024
Monster Hunter Frontier G1 - Premium Package (Japan) (Disc 1) (Data Disc),1DVD,G:\___ One-DVD READY GAMES ___\Monster Hunter Frontier G1 - Premium Package (Japan) (Disc 1) (Data Disc),1463521148
Monsters Vs Aliens,1DVD,G:\___ One-DVD READY GAMES ___\Monsters Vs Aliens,6504949112
MorphX (USA Europe),1DVD,G:\___ One-DVD READY GAMES ___\MorphX (USA Europe),1637508706
Mortal Kombat - Complete Edition (Europe) (EnFrDeEsItPt),1DVD,G:\___ One-DVD READY GAMES ___\Mortal Kombat - Complete Edition (Europe) (EnFrDeEsItPt),7261360935
Motion Sports,1DVD,G:\___ One-DVD READY GAMES ___\Motion Sports,2575143035
MotoGP 14,1DVD,G:\___ One-DVD READY GAMES ___\MotoGP 14,4846741984
MUD FIM Motocross,1DVD,G:\___ One-DVD READY GAMES ___\MUD FIM Motocross,1612073933
Murdered Soul Suspect,1DVD,G:\___ One-DVD READY GAMES ___\Murdered Soul Suspect,7247457992
MX vs ATV Alive,1DVD,G:\___ One-DVD READY GAMES ___\MX vs ATV Alive,2876759408
Mx vs Atv Reflex,1DVD,G:\___ One-DVD READY GAMES ___\Mx vs Atv Reflex,6109093005
MX vs ATV Supercross,1DVD,G:\___ One-DVD READY GAMES ___\MX vs ATV Supercross,2189961121
MXGP,1DVD,G:\___ One-DVD READY GAMES ___\MXGP,2937915919
Naruto Shippuden Ultimate - Ninja Storm 3 - Full Burst,1DVD,G:\___ One-DVD READY GAMES ___\Naruto Shippuden Ultimate - Ninja Storm 3 - Full Burst,7375089990
NBA 2K18,1DVD,G:\___ One-DVD READY GAMES ___\NBA 2K18,7855325184
Need for Speed - Most Wanted,1DVD,G:\___ One-DVD READY GAMES ___\Need for Speed - Most Wanted,3774767122
Need for Speed - Undercover (Europe) (EnEsNlSvNoDaFiPlRuCsHu),1DVD,G:\___ One-DVD READY GAMES ___\Need for Speed - Undercover (Europe) (EnEsNlSvNoDaFiPlRuCsHu),5331494203
Need for Speed Carbon,1DVD,G:\___ One-DVD READY GAMES ___\Need for Speed Carbon,5738581376
Need for Speed Hot Pursuit,1DVD,G:\___ One-DVD READY GAMES ___\Need for Speed Hot Pursuit,6994960570
Need for Speed Most Wanted,1DVD,G:\___ One-DVD READY GAMES ___\Need for Speed Most Wanted,3774767122
Need For Speed Prostreet,1DVD,G:\___ One-DVD READY GAMES ___\Need For Speed Prostreet,5487809524
Need For Speed Rivals,1DVD,G:\___ One-DVD READY GAMES ___\Need For Speed Rivals,7425149865
Need for Speed Shift,1DVD,G:\___ One-DVD READY GAMES ___\Need for Speed Shift,3987383015
Need For Speed The Run,1DVD,G:\___ One-DVD READY GAMES ___\Need For Speed The Run,7992681289
NeverDead,1DVD,G:\___ One-DVD READY GAMES ___\NeverDead,6711402803
NHL 14,1DVD,G:\___ One-DVD READY GAMES ___\NHL 14,6754836435
Nickelodeon Avatar - The Last Airbender - The Burning Earth (USA),1DVD,G:\___ One-DVD READY GAMES ___\Nickelodeon Avatar - The Last Airbender - The Burning Earth (USA),5457685906
Night At The Museum - Battle Of The Smithsonian,1DVD,G:\___ One-DVD READY GAMES ___\Night At The Museum - Battle Of The Smithsonian,3214573002
Ninja Blade,1DVD,G:\___ One-DVD READY GAMES ___\Ninja Blade,4235515981
Ninja Gaiden 2,1DVD,G:\___ One-DVD READY GAMES ___\Ninja Gaiden 2,7140081265
Ninja Gaiden 3 - Razors Edge,1DVD,G:\___ One-DVD READY GAMES ___\Ninja Gaiden 3 - Razors Edge,4617578917
Pac-Man and the Ghostly Adventures 1,1DVD,G:\___ One-DVD READY GAMES ___\Pac-Man and the Ghostly Adventures 1,3860361739
Pac-Man and the Ghostly Adventures 2 (USA) (EnJaFrDeEsItPt),1DVD,G:\___ One-DVD READY GAMES ___\Pac-Man and the Ghostly Adventures 2 (USA) (EnJaFrDeEsItPt),4376247447
Painkiller Hell and Damnation,1DVD,G:\___ One-DVD READY GAMES ___\Painkiller Hell and Damnation,2089554403
Payday 2,1DVD,G:\___ One-DVD READY GAMES ___\Payday 2,4847188398
PES 2018 - Pro Evolution Soccer (USA),1DVD,G:\___ One-DVD READY GAMES ___\PES 2018 - Pro Evolution Soccer (USA),6911598294
Peter Jacksons King Kong - The Official Game of the Movie (USA Europe) (EnNlSvNoDaFi),1DVD,G:\___ One-DVD READY GAMES ___\Peter Jacksons King Kong - The Official Game of the Movie (USA Europe) (EnNlSvNoDaFi),6655361272
Planet 51,1DVD,G:\___ One-DVD READY GAMES ___\Planet 51,3380225432
Plants vs Zombies Garden Warfare,1DVD,G:\___ One-DVD READY GAMES ___\Plants vs Zombies Garden Warfare,2593048165
PopCap Hits,1DVD,G:\___ One-DVD READY GAMES ___\PopCap Hits,255004162
Portal 2,1DVD,G:\___ One-DVD READY GAMES ___\Portal 2,4931578589
Power Up Heroes,1DVD,G:\___ One-DVD READY GAMES ___\Power Up Heroes,3566600385
Prince of Persia (USA Europe) (EnFrDeEsItNl),1DVD,G:\___ One-DVD READY GAMES ___\Prince of Persia (USA Europe) (EnFrDeEsItNl),5587926043
Prince of Persia The Forgotten Sands,1DVD,G:\___ One-DVD READY GAMES ___\Prince of Persia The Forgotten Sands,4891900088
Prison Break The Conspiracy,1DVD,G:\___ One-DVD READY GAMES ___\Prison Break The Conspiracy,2808464112
Prototype,1DVD,G:\___ One-DVD READY GAMES ___\Prototype,7205100179
Prototype 2,1DVD,G:\___ One-DVD READY GAMES ___\Prototype 2,7799706018
Pure Football,1DVD,G:\___ One-DVD READY GAMES ___\Pure Football,2358538536
Puss In Boots,1DVD,G:\___ One-DVD READY GAMES ___\Puss In Boots,4684049383
Quantum Theory,1DVD,G:\___ One-DVD READY GAMES ___\Quantum Theory,7158135403
Rabbids.Alive.and.Kicking,1DVD,G:\___ One-DVD READY GAMES ___\Rabbids.Alive.and.Kicking,2761394459
Race.Pro,1DVD,G:\___ One-DVD READY GAMES ___\Race.Pro,4715264460
Rango.The.Videogame,1DVD,G:\___ One-DVD READY GAMES ___\Rango.The.Videogame,2632580580
Rapala Pro Bass Fishing (USA Europe),1DVD,G:\___ One-DVD READY GAMES ___\Rapala Pro Bass Fishing (USA Europe),5159165168
Ratatouille,1DVD,G:\___ One-DVD READY GAMES ___\Ratatouille,6153003938
Rayman - Raving Rabbids (USA) (EnFrDeEsItNl),1DVD,G:\___ One-DVD READY GAMES ___\Rayman - Raving Rabbids (USA) (EnFrDeEsItNl),4796123580
Rayman.Legends,1DVD,G:\___ One-DVD READY GAMES ___\Rayman.Legends,6870095509
Rayman.Origins,1DVD,G:\___ One-DVD READY GAMES ___\Rayman.Origins,5829926470
Red Dead Redemption - Undead Nightmare (USA Europe) (EnFrDeEsIt),1DVD,G:\___ One-DVD READY GAMES ___\Red Dead Redemption - Undead Nightmare (USA Europe) (EnFrDeEsIt),7135559680
Red.Faction.Guerrilla,1DVD,G:\___ One-DVD READY GAMES ___\Red.Faction.Guerrilla,6834747455
Remember.Me,1DVD,G:\___ One-DVD READY GAMES ___\Remember.Me,6560080412
Resident Evil - Revelations  Biohazard - Revelations - Unveiled Edition (World) (EnJaFrDeEsItNlPtPlRu),1DVD,G:\___ One-DVD READY GAMES ___\Resident Evil - Revelations  Biohazard - Revelations - Unveiled Edition (World) (EnJaFrDeEsItNlPtPlRu),8186799134
Resident Evil - Revelations 2 (USA Europe) (EnJaFrDeEsItPtZhKoPlRu),1DVD,G:\___ One-DVD READY GAMES ___\Resident Evil - Revelations 2 (USA Europe) (EnJaFrDeEsItPtZhKoPlRu),8281972736
Resident.Evil.5.Gold.Edition,1DVD,G:\___ One-DVD READY GAMES ___\Resident.Evil.5.Gold.Edition,7192803339
Resident.Evil.Operation.Raccoon.City,1DVD,G:\___ One-DVD READY GAMES ___\Resident.Evil.Operation.Raccoon.City,4782249824
Resonance.Of.Fate,1DVD,G:\___ One-DVD READY GAMES ___\Resonance.Of.Fate,7134259200
Ridge.Racer.Unbounded,1DVD,G:\___ One-DVD READY GAMES ___\Ridge.Racer.Unbounded,1711755013
Rio,1DVD,G:\___ One-DVD READY GAMES ___\Rio,1944572800
Rise of Nightmares (USA),1DVD,G:\___ One-DVD READY GAMES ___\Rise of Nightmares (USA),2323162768
Rise.of.the.Guardians,1DVD,G:\___ One-DVD READY GAMES ___\Rise.of.the.Guardians,3359416949
Rise.of.the.Tomb.Raider,1DVD,G:\___ One-DVD READY GAMES ___\Rise.of.the.Tomb.Raider,6637370412
Risen 3 - Titan Lords,1DVD,G:\___ One-DVD READY GAMES ___\Risen 3 - Titan Lords,4126976490
Risen.2.Dark.Waters,1DVD,G:\___ One-DVD READY GAMES ___\Risen.2.Dark.Waters,3408347288
Robert Ludlum The Bourne Conspiracy,1DVD,G:\___ One-DVD READY GAMES ___\Robert Ludlum The Bourne Conspiracy,5346446249
RUSE.The.Art.of.Deception,1DVD,G:\___ One-DVD READY GAMES ___\RUSE.The.Art.of.Deception,4316005456
Saints Row (World) (EnFrDeEsIt),1DVD,G:\___ One-DVD READY GAMES ___\Saints Row (World) (EnFrDeEsIt),7288455881
Saints Row IV (USA Europe),1DVD,G:\___ One-DVD READY GAMES ___\Saints Row IV (USA Europe),7426460061
Saints.Row.2,1DVD,G:\___ One-DVD READY GAMES ___\Saints.Row.2,7210753953
Saints.Row.Gat.out.of.Hell,1DVD,G:\___ One-DVD READY GAMES ___\Saints.Row.Gat.out.of.Hell,5217467671
Saints.Row.The.Third,1DVD,G:\___ One-DVD READY GAMES ___\Saints.Row.The.Third,7333725320
SAW,1DVD,G:\___ One-DVD READY GAMES ___\SAW,2058685934
Saw.2.Flesh.and.Blood,1DVD,G:\___ One-DVD READY GAMES ___\Saw.2.Flesh.and.Blood,2267571314
SBK.Generations,1DVD,G:\___ One-DVD READY GAMES ___\SBK.Generations,2509954509
Secret.Service.Ultimate.Sacrifice,1DVD,G:\___ One-DVD READY GAMES ___\Secret.Service.Ultimate.Sacrifice,3014550708
Section.8,1DVD,G:\___ One-DVD READY GAMES ___\Section.8,2366336693
Sega Superstars Tennis (World) (EnFrDeEsIt),1DVD,G:\___ One-DVD READY GAMES ___\Sega Superstars Tennis (World) (EnFrDeEsIt),3559068006
Sesame Street Once Upon a Monster,1DVD,G:\___ One-DVD READY GAMES ___\Sesame Street Once Upon a Monster,6042979850
Shaun.White.Skateboarding,1DVD,G:\___ One-DVD READY GAMES ___\Shaun.White.Skateboarding,6629136834
Sherlock Holmes - Crimes and Punishments (USA),1DVD,G:\___ One-DVD READY GAMES ___\Sherlock Holmes - Crimes and Punishments (USA),3574222791
Sherlock Holmes Versus Jack the Ripper (USA) (EnFrEs),1DVD,G:\___ One-DVD READY GAMES ___\Sherlock Holmes Versus Jack the Ripper (USA) (EnFrEs),5746813488
Shift.2.Unleashed,1DVD,G:\___ One-DVD READY GAMES ___\Shift.2.Unleashed,5951182208
Shrek.Forever.After,1DVD,G:\___ One-DVD READY GAMES ___\Shrek.Forever.After,4291113992
Silent.Hill.Downpour,1DVD,G:\___ One-DVD READY GAMES ___\Silent.Hill.Downpour,4805244993
Silent.Hill.HD.Collection,1DVD,G:\___ One-DVD READY GAMES ___\Silent.Hill.HD.Collection,7816741804
Silent.Hill.Homecoming,1DVD,G:\___ One-DVD READY GAMES ___\Silent.Hill.Homecoming,5083548546
Skate.3,1DVD,G:\___ One-DVD READY GAMES ___\Skate.3,6396955444
Skylanders - Giants (USA Europe) (EnFrDeEsItNlSvNoDaFi),1DVD,G:\___ One-DVD READY GAMES ___\Skylanders - Giants (USA Europe) (EnFrDeEsItNlSvNoDaFi),8255648109
Sleeping.Dog,1DVD,G:\___ One-DVD READY GAMES ___\Sleeping.Dog,6439532329
Sniper.Elite.III.Ultimate.Edition,1DVD,G:\___ One-DVD READY GAMES ___\Sniper.Elite.III.Ultimate.Edition,7051800226
Sniper.Elite.V2,1DVD,G:\___ One-DVD READY GAMES ___\Sniper.Elite.V2,5087424795
Sniper.Ghost.Warrior,1DVD,G:\___ One-DVD READY GAMES ___\Sniper.Ghost.Warrior,3045360066
Sniper.Ghost.Warrior.2,1DVD,G:\___ One-DVD READY GAMES ___\Sniper.Ghost.Warrior.2,4005639142
Sonic Generations,1DVD,G:\___ One-DVD READY GAMES ___\Sonic Generations,7706774644
Sonic the Hedgehog,1DVD,G:\___ One-DVD READY GAMES ___\Sonic the Hedgehog,5507654830
Sonic Unleashed,1DVD,G:\___ One-DVD READY GAMES ___\Sonic Unleashed,6115836344
Sonic.And.Sega.All.Stars.Racing,1DVD,G:\___ One-DVD READY GAMES ___\Sonic.And.Sega.All.Stars.Racing,4039085096
Sonics.Ultimate.Genesis.Collection,1DVD,G:\___ One-DVD READY GAMES ___\Sonics.Ultimate.Genesis.Collection,719433435
Soul.Calibur.V,1DVD,G:\___ One-DVD READY GAMES ___\Soul.Calibur.V,7345161246
South.Park.The.Stick.of.Truth.NTSC,1DVD,G:\___ One-DVD READY GAMES ___\South.Park.The.Stick.of.Truth.NTSC,3902127567
Space Chimps (USA),1DVD,G:\___ One-DVD READY GAMES ___\Space Chimps (USA),1825986508
Spec.Ops.The.Line,1DVD,G:\___ One-DVD READY GAMES ___\Spec.Ops.The.Line,5642964324
Spider-Man - Friend or Foe (USA),1DVD,G:\___ One-DVD READY GAMES ___\Spider-Man - Friend or Foe (USA),3803785721
Spider-Man.3,1DVD,G:\___ One-DVD READY GAMES ___\Spider-Man.3,3936816303
Spider-Man.Shattered.Dimensions,1DVD,G:\___ One-DVD READY GAMES ___\Spider-Man.Shattered.Dimensions,5563927824
Spider.Man.Web.of.Shadows,1DVD,G:\___ One-DVD READY GAMES ___\Spider.Man.Web.of.Shadows,5579143780
Splatterhouse,1DVD,G:\___ One-DVD READY GAMES ___\Splatterhouse,5434541076
Splinter.Cell.Conviction,1DVD,G:\___ One-DVD READY GAMES ___\Splinter.Cell.Conviction,7216874050
Split.Second.Velocity,1DVD,G:\___ One-DVD READY GAMES ___\Split.Second.Velocity,7058069228
SpongeBob.SquarePants.Planktons.Robotic.Revenge,1DVD,G:\___ One-DVD READY GAMES ___\SpongeBob.SquarePants.Planktons.Robotic.Revenge,1248001609
SpongeBobs.Surf.and.Skate.Roadtrip,1DVD,G:\___ One-DVD READY GAMES ___\SpongeBobs.Surf.and.Skate.Roadtrip,2962763173
Sports Island Freedom,1DVD,G:\___ One-DVD READY GAMES ___\Sports Island Freedom,2045209059
SSX,1DVD,G:\___ One-DVD READY GAMES ___\SSX,3914181168
Star Wars - The Force Unleashed II (USA Europe) (EnFrDeEsIt),1DVD,G:\___ One-DVD READY GAMES ___\Star Wars - The Force Unleashed II (USA Europe) (EnFrDeEsIt),5983047819
Star.Trek,1DVD,G:\___ One-DVD READY GAMES ___\Star.Trek,3927353331
Star.Wars.The.Force.Unleashed.2,1DVD,G:\___ One-DVD READY GAMES ___\Star.Wars.The.Force.Unleashed.2,5983047819
Steel.Battalion.Heavy.Armor,1DVD,G:\___ One-DVD READY GAMES ___\Steel.Battalion.Heavy.Armor,6418167570
Stoked - Big Air Edition (USA),1DVD,G:\___ One-DVD READY GAMES ___\Stoked - Big Air Edition (USA),4592625625
Street.Fighter.X.Tekken,1DVD,G:\___ One-DVD READY GAMES ___\Street.Fighter.X.Tekken,5937462340
Summer.Stars.2012,1DVD,G:\___ One-DVD READY GAMES ___\Summer.Stars.2012,3317245100
Super Street Fighter IV (World) (EnJaFrDeEsItKo),1DVD,G:\___ One-DVD READY GAMES ___\Super Street Fighter IV (World) (EnJaFrDeEsItKo),6258466689
Supremacy.MMA,1DVD,G:\___ One-DVD READY GAMES ___\Supremacy.MMA,6769651685
Syndicate,1DVD,G:\___ One-DVD READY GAMES ___\Syndicate,7409288169
Teenage Mutant Ninja Turtles Mutants in Manhattan,1DVD,G:\___ One-DVD READY GAMES ___\Teenage Mutant Ninja Turtles Mutants in Manhattan,4713701077
Tekken 6,1DVD,G:\___ One-DVD READY GAMES ___\Tekken 6,7078933532
Tekken Tag Tournament 2,1DVD,G:\___ One-DVD READY GAMES ___\Tekken Tag Tournament 2,8302931196
Terminator Salvation,1DVD,G:\___ One-DVD READY GAMES ___\Terminator Salvation,6651916043
Test Drive Ferrari Racing Legends,1DVD,G:\___ One-DVD READY GAMES ___\Test Drive Ferrari Racing Legends,2272924220
Testament of Sherlock Holmes The (USA),1DVD,G:\___ One-DVD READY GAMES ___\Testament of Sherlock Holmes The (USA),6873969561
The Adventures of Tintin,1DVD,G:\___ One-DVD READY GAMES ___\The Adventures of Tintin,6822159583
The Amazing Spider Man,1DVD,G:\___ One-DVD READY GAMES ___\The Amazing Spider Man,7344979188
The Bureau XCOM Declassified,1DVD,G:\___ One-DVD READY GAMES ___\The Bureau XCOM Declassified,6834886362
The Cursed Crusade,1DVD,G:\___ One-DVD READY GAMES ___\The Cursed Crusade,6541396291
The Darkness 2,1DVD,G:\___ One-DVD READY GAMES ___\The Darkness 2,6244798856
The Godfather 2,1DVD,G:\___ One-DVD READY GAMES ___\The Godfather 2,6904398386
The Gunstringer,1DVD,G:\___ One-DVD READY GAMES ___\The Gunstringer,4040800103
The King Of Fighters XIII,1DVD,G:\___ One-DVD READY GAMES ___\The King Of Fighters XIII,2197460662
The LEGO Movie Videogame,1DVD,G:\___ One-DVD READY GAMES ___\The LEGO Movie Videogame,5745435205
The Orange Box Half Life 2,1DVD,G:\___ One-DVD READY GAMES ___\The Orange Box Half Life 2,4176807650
The Saboteur,1DVD,G:\___ One-DVD READY GAMES ___\The Saboteur,5626497719
The Smurfs 2,1DVD,G:\___ One-DVD READY GAMES ___\The Smurfs 2,1003759054
The Walking Dead,1DVD,G:\___ One-DVD READY GAMES ___\The Walking Dead,3094134784
The Walking Dead Survival Instinct,1DVD,G:\___ One-DVD READY GAMES ___\The Walking Dead Survival Instinct,5628496016
The.Serious.Sam.Collection,1DVD,G:\___ One-DVD READY GAMES ___\The.Serious.Sam.Collection,3165993301
Thief,1DVD,G:\___ One-DVD READY GAMES ___\Thief,5911661390
Thor God Of Thunder,1DVD,G:\___ One-DVD READY GAMES ___\Thor God Of Thunder,6146840100
Timeshift,1DVD,G:\___ One-DVD READY GAMES ___\Timeshift,4687318975
Titanfall (USA Europe) (EnJaFrDeEsItRu),1DVD,G:\___ One-DVD READY GAMES ___\Titanfall (USA Europe) (EnJaFrDeEsItRu),6290577559
TMNT (USA) (EnFrDeEsIt),1DVD,G:\___ One-DVD READY GAMES ___\TMNT (USA) (EnFrDeEsIt),5100008960
Tom Clancys Ghost Recon Future Soldier,1DVD,G:\___ One-DVD READY GAMES ___\Tom Clancys Ghost Recon Future Soldier,8092549641
Tom Clancys HAWX,1DVD,G:\___ One-DVD READY GAMES ___\Tom Clancys HAWX,6325695425
Tom Clancys HAWX 2,1DVD,G:\___ One-DVD READY GAMES ___\Tom Clancys HAWX 2,6372579152
Tom Clancys Rainbow Six - Vegas (USA Europe) (EnFrDeEsIt),1DVD,G:\___ One-DVD READY GAMES ___\Tom Clancys Rainbow Six - Vegas (USA Europe) (EnFrDeEsIt),7036428574
Tom Clancys Rainbow Six - Vegas 2 (USA Europe) (EnFrDeEsIt),1DVD,G:\___ One-DVD READY GAMES ___\Tom Clancys Rainbow Six - Vegas 2 (USA Europe) (EnFrDeEsIt),6851552966
Tom Clancy’s Rainbow Six Vegas 2,1DVD,G:\___ One-DVD READY GAMES ___\Tom Clancy’s Rainbow Six Vegas 2,6851552966
Tomb Raider - Underworld (USA Europe) (EnFrDeEsItNl),1DVD,G:\___ One-DVD READY GAMES ___\Tomb Raider - Underworld (USA Europe) (EnFrDeEsItNl),7068120008
Tomb Raider Legend,1DVD,G:\___ One-DVD READY GAMES ___\Tomb Raider Legend,6998976940
Top Gun Hard Lock,1DVD,G:\___ One-DVD READY GAMES ___\Top Gun Hard Lock,2171943195
Toy Story 3,1DVD,G:\___ One-DVD READY GAMES ___\Toy Story 3,5147535514
Toy Story Mania,1DVD,G:\___ One-DVD READY GAMES ___\Toy Story Mania,2542567631
Transformers,1DVD,G:\___ One-DVD READY GAMES ___\Transformers,7872706345
Triple Pack - Outland  From Dust  Beyond Good and Evil HD (Europe),1DVD,G:\___ One-DVD READY GAMES ___\Triple Pack - Outland  From Dust  Beyond Good and Evil HD (Europe),3510490234
Tron Evolution,1DVD,G:\___ One-DVD READY GAMES ___\Tron Evolution,6243376846
Tropico 5,1DVD,G:\___ One-DVD READY GAMES ___\Tropico 5,2783632481
Turbo Super Stunt Squad,1DVD,G:\___ One-DVD READY GAMES ___\Turbo Super Stunt Squad,1373930363
Turok (USA Europe),1DVD,G:\___ One-DVD READY GAMES ___\Turok (USA Europe),6847934495
Ubisoft Triple Pack,1DVD,G:\___ One-DVD READY GAMES ___\Ubisoft Triple Pack,3510490234
UFC Undisputed 2010,1DVD,G:\___ One-DVD READY GAMES ___\UFC Undisputed 2010,6531077799
UFC Undisputed 3,1DVD,G:\___ One-DVD READY GAMES ___\UFC Undisputed 3,6926116780
Ultimate Marvel vs Capcom 3,1DVD,G:\___ One-DVD READY GAMES ___\Ultimate Marvel vs Capcom 3,3326500648
Up,1DVD,G:\___ One-DVD READY GAMES ___\Up,3809574762
Vancouver 2010,1DVD,G:\___ One-DVD READY GAMES ___\Vancouver 2010,3078499461
Vanquish,1DVD,G:\___ One-DVD READY GAMES ___\Vanquish,6967623504
Venetica,1DVD,G:\___ One-DVD READY GAMES ___\Venetica,5026858491
Viking Battle for Asgard,1DVD,G:\___ One-DVD READY GAMES ___\Viking Battle for Asgard,5321145682
Virtua Fighter 5,1DVD,G:\___ One-DVD READY GAMES ___\Virtua Fighter 5,3601741643
Virtua Tennis 4,1DVD,G:\___ One-DVD READY GAMES ___\Virtua Tennis 4,3305469759
Wall-E,1DVD,G:\___ One-DVD READY GAMES ___\Wall-E,5535503856
Warhammer Battle March,1DVD,G:\___ One-DVD READY GAMES ___\Warhammer Battle March,7247168848
Warhammer.40000.Space.Marine,1DVD,G:\___ One-DVD READY GAMES ___\Warhammer.40000.Space.Marine,5795869782
Warriors Legends of Troy,1DVD,G:\___ One-DVD READY GAMES ___\Warriors Legends of Troy,6618680373
Warriors Orochi (USA) (EnFrDe),1DVD,G:\___ One-DVD READY GAMES ___\Warriors Orochi (USA) (EnFrDe),6056497332
Warriors Orochi 2 (USA) (EnFrDe),1DVD,G:\___ One-DVD READY GAMES ___\Warriors Orochi 2 (USA) (EnFrDe),7200814851
Warriors Orochi 3,1DVD,G:\___ One-DVD READY GAMES ___\Warriors Orochi 3,7036029601
Watchmen - The End Is Nigh,1DVD,G:\___ One-DVD READY GAMES ___\Watchmen - The End Is Nigh,2395312221
Way of the Samurai 3,1DVD,G:\___ One-DVD READY GAMES ___\Way of the Samurai 3,2956002129
WET,1DVD,G:\___ One-DVD READY GAMES ___\WET,4580375474
Wheelman,1DVD,G:\___ One-DVD READY GAMES ___\Wheelman,6845468803
Winter Stars,1DVD,G:\___ One-DVD READY GAMES ___\Winter Stars,3454119946
Wolfenstein (World) (EnFrDeEsItRu),1DVD,G:\___ One-DVD READY GAMES ___\Wolfenstein (World) (EnFrDeEsItRu),6750927109
WRC - FIA World Rally Championship 4,1DVD,G:\___ One-DVD READY GAMES ___\WRC - FIA World Rally Championship 4,3742476277
WRC 3 - World Rally Championship,1DVD,G:\___ One-DVD READY GAMES ___\WRC 3 - World Rally Championship,4006676989
WRC 4 - FIA World Rally Championship (Europe),1DVD,G:\___ One-DVD READY GAMES ___\WRC 4 - FIA World Rally Championship (Europe),3742476277
WWE 2K17,1DVD,G:\___ One-DVD READY GAMES ___\WWE 2K17,7827661959
WWE All Stars,1DVD,G:\___ One-DVD READY GAMES ___\WWE All Stars,6296587537
X-Men Destiny,1DVD,G:\___ One-DVD READY GAMES ___\X-Men Destiny,7870027684
X-Men Origins Wolverine Uncaged Edition,1DVD,G:\___ One-DVD READY GAMES ___\X-Men Origins Wolverine Uncaged Edition,6848523888
XCOM - Enemy Unknown (USA Europe),1DVD,G:\___ One-DVD READY GAMES ___\XCOM - Enemy Unknown (USA Europe),7565830580
XCOM - Enemy Within (USA Europe),1DVD,G:\___ One-DVD READY GAMES ___\XCOM - Enemy Within (USA Europe),8198746809
Yaiba Ninja Gaiden,1DVD,G:\___ One-DVD READY GAMES ___\Yaiba Ninja Gaiden,5618272189
Young Justice Legacy,1DVD,G:\___ One-DVD READY GAMES ___\Young Justice Legacy,2098942136
Zumba Kids (USA),1DVD,G:\___ One-DVD READY GAMES ___\Zumba Kids (USA),8237650379
Alien Isolation (2-DVD),MultiDVD,G:\___ Multi-DVD READY GAMES ___\Alien Isolation (2-DVD),11407702892
Assassins Creed IV - Black Flag (2-DVD),MultiDVD,G:\___ Multi-DVD READY GAMES ___\Assassins Creed IV - Black Flag (2-DVD),8722863263
Assassin_s_Creed_III(2-DVD),MultiDVD,G:\___ Multi-DVD READY GAMES ___\Assassin_s_Creed_III(2-DVD),11854910680
Batman Arkham Origins (2-DVD),MultiDVD,G:\___ Multi-DVD READY GAMES ___\Batman Arkham Origins (2-DVD),14128707622
Battlefield 3 (2-DVD),MultiDVD,G:\___ Multi-DVD READY GAMES ___\Battlefield 3 (2-DVD),12320531669
Battlefield 4 (2-DVD),MultiDVD,G:\___ Multi-DVD READY GAMES ___\Battlefield 4 (2-DVD),12768378019
BioShock Infinite - The Complete Edition (2-DVD),MultiDVD,G:\___ Multi-DVD READY GAMES ___\BioShock Infinite - The Complete Edition (2-DVD),14217261877
Borderlands 2 Game Of The Year Edition (2-DVD),MultiDVD,G:\___ Multi-DVD READY GAMES ___\Borderlands 2 Game Of The Year Edition (2-DVD),12616049716
Call Of Duty Advanced Warfare (2-DVD),MultiDVD,G:\___ Multi-DVD READY GAMES ___\Call Of Duty Advanced Warfare (2-DVD),12032055730
Call Of Duty Ghosts (2-DVD),MultiDVD,G:\___ Multi-DVD READY GAMES ___\Call Of Duty Ghosts (2-DVD),10415172467
Castlevania Lords Of Shadow (2-DVD),MultiDVD,G:\___ Multi-DVD READY GAMES ___\Castlevania Lords Of Shadow (2-DVD),13513642108
Crew (2-DVD),MultiDVD,G:\___ Multi-DVD READY GAMES ___\Crew (2-DVD),8353726652
Dark Soul 2 (2-DVD),MultiDVD,G:\___ Multi-DVD READY GAMES ___\Dark Soul 2 (2-DVD),7136548628
Dark Souls II - Scholar of the First Sin (2-DVD),MultiDVD,G:\___ Multi-DVD READY GAMES ___\Dark Souls II - Scholar of the First Sin (2-DVD),7136548628
Dead Space 2 (2-DVD),MultiDVD,G:\___ Multi-DVD READY GAMES ___\Dead Space 2 (2-DVD),13515866760
Dead Space 3 (2-DVD),MultiDVD,G:\___ Multi-DVD READY GAMES ___\Dead Space 3 (2-DVD),15998374420
Deus Ex Human Revolution Directors Cut (2-DVD),MultiDVD,G:\___ Multi-DVD READY GAMES ___\Deus Ex Human Revolution Directors Cut (2-DVD),14424580164
Dragon Age - Origins (2-DVD),MultiDVD,G:\___ Multi-DVD READY GAMES ___\Dragon Age - Origins (2-DVD),9986891280
Forza Motorsport 3 - Limited Edition (2-DVD),MultiDVD,G:\___ Multi-DVD READY GAMES ___\Forza Motorsport 3 - Limited Edition (2-DVD),9255343673
Forza Motorsport 4 GOTY (2-DVD),MultiDVD,G:\___ Multi-DVD READY GAMES ___\Forza Motorsport 4 GOTY (2-DVD),11055279541
Grand Theft Auto V (2-DVD),MultiDVD,G:\___ Multi-DVD READY GAMES ___\Grand Theft Auto V (2-DVD),16482233131
Halo 3 (2-DVD),MultiDVD,G:\___ Multi-DVD READY GAMES ___\Halo 3 (2-DVD),7123484091
Halo 4 (2-DVD),MultiDVD,G:\___ Multi-DVD READY GAMES ___\Halo 4 (2-DVD),13662145433
Kinect Nat Geo TV (2-DVD),MultiDVD,G:\___ Multi-DVD READY GAMES ___\Kinect Nat Geo TV (2-DVD),12075497026
Kinect Rush A Disney Pixar Adventure (2-DVD),MultiDVD,G:\___ Multi-DVD READY GAMES ___\Kinect Rush A Disney Pixar Adventure (2-DVD),8995441065
Mass Effect 2 (2-DVD),MultiDVD,G:\___ Multi-DVD READY GAMES ___\Mass Effect 2 (2-DVD),13185280444
Max Payne 3 (2-DVD),MultiDVD,G:\___ Multi-DVD READY GAMES ___\Max Payne 3 (2-DVD),15772413042
Medal of Honor - Warfighter (2-DVD),MultiDVD,G:\___ Multi-DVD READY GAMES ___\Medal of Honor - Warfighter (2-DVD),12663812604
Metal Gear Solid HD Collection (2-DVD),MultiDVD,G:\___ Multi-DVD READY GAMES ___\Metal Gear Solid HD Collection (2-DVD),12168986718
Middle Earth Shadow Murdered (2-DVD),MultiDVD,G:\___ Multi-DVD READY GAMES ___\Middle Earth Shadow Murdered (2-DVD),9951752113
Rage (3-DVD),MultiDVD,G:\___ Multi-DVD READY GAMES ___\Rage (3-DVD),22558705432
Red Dead Redemption GOTY (2-DVD),MultiDVD,G:\___ Multi-DVD READY GAMES ___\Red Dead Redemption GOTY (2-DVD),14373860804
Resident Evil 6 (2-DVD),MultiDVD,G:\___ Multi-DVD READY GAMES ___\Resident Evil 6 (2-DVD),10984804287
The Elder Scrolls V Skyrim Legendary Edition (2-DVD),MultiDVD,G:\___ Multi-DVD READY GAMES ___\The Elder Scrolls V Skyrim Legendary Edition (2-DVD),3936956510
The Last Remnant (2-DVD),MultiDVD,G:\___ Multi-DVD READY GAMES ___\The Last Remnant (2-DVD),13080464217
Watch Dogs (2-DVD),MultiDVD,G:\___ Multi-DVD READY GAMES ___\Watch Dogs (2-DVD),11219579273
Witcher 2 - The Assassins of Kings (2-DVD),MultiDVD,G:\___ Multi-DVD READY GAMES ___\Witcher 2 - The Assassins of Kings (2-DVD),16079810448
Wolfenstein - The New Order (4-DVD),MultiDVD,G:\___ Multi-DVD READY GAMES ___\Wolfenstein - The New Order (4-DVD),22515490605
